-- phpMyAdmin SQL Dump
-- version 5.2.0
-- https://www.phpmyadmin.net/
--
-- Host: 127.0.0.1:3306
-- Generation Time: Mar 14, 2024 at 11:58 AM
-- Server version: 10.4.27-MariaDB
-- PHP Version: 8.1.12

SET SQL_MODE = "NO_AUTO_VALUE_ON_ZERO";
START TRANSACTION;
SET time_zone = "+00:00";


/*!40101 SET @OLD_CHARACTER_SET_CLIENT=@@CHARACTER_SET_CLIENT */;
/*!40101 SET @OLD_CHARACTER_SET_RESULTS=@@CHARACTER_SET_RESULTS */;
/*!40101 SET @OLD_COLLATION_CONNECTION=@@COLLATION_CONNECTION */;
/*!40101 SET NAMES utf8mb4 */;

--
-- Database: `intern`
--

-- --------------------------------------------------------

--
-- Table structure for table `certificaterequest`
--

CREATE TABLE `certificaterequest` (
  `id` int(225) NOT NULL,
  `cname` varchar(255) NOT NULL,
  `jpost` varchar(255) NOT NULL,
  `sname` varchar(225) NOT NULL,
  `certificate` varchar(225) NOT NULL
) ENGINE=InnoDB DEFAULT CHARSET=utf8mb4 COLLATE=utf8mb4_general_ci;

--
-- Dumping data for table `certificaterequest`
--

INSERT INTO `certificaterequest` (`id`, `cname`, `jpost`, `sname`, `certificate`) VALUES
(1, '4', 'Mobile application d', 'aj', 'certificates/yspm.jpg'),
(2, '2', 'Mobile application d', 'aj', ''),
(3, '2', 'Mobile application d', 'aj', ''),
(4, '2', 'Mobile application d', 'aj', ''),
(5, '4', 'Network engineering', 'aj', '');

-- --------------------------------------------------------

--
-- Table structure for table `collage`
--

CREATE TABLE `collage` (
  `name` varchar(225) NOT NULL,
  `instituecode` varchar(255) NOT NULL,
  `password` varchar(225) NOT NULL,
  `addresss` varchar(255) NOT NULL
) ENGINE=InnoDB DEFAULT CHARSET=utf8mb4 COLLATE=utf8mb4_general_ci;

--
-- Dumping data for table `collage`
--

INSERT INTO `collage` (`name`, `instituecode`, `password`, `addresss`) VALUES
('gpk', '0010', 'gpk', 'karad'),
('gpk', '0010', 'gpk', 'karad'),
('gpk', '0010', '1234', ''),
('admin', '0010', '12345678', 'karad'),
('1', '1', '123456789', '1');

-- --------------------------------------------------------

--
-- Table structure for table `education`
--

CREATE TABLE `education` (
  `id` int(255) NOT NULL,
  `sid` varchar(255) NOT NULL,
  `college_name` varchar(255) NOT NULL,
  `degree` varchar(255) NOT NULL,
  `percentage` varchar(255) NOT NULL
) ENGINE=InnoDB DEFAULT CHARSET=utf8mb4 COLLATE=utf8mb4_general_ci;

--
-- Dumping data for table `education`
--

INSERT INTO `education` (`id`, `sid`, `college_name`, `degree`, `percentage`) VALUES
(17, '14', 'xcv', 'cv', 'c'),
(25, '14', 'zx', 'xz', 'x'),
(27, '16', 'a', 'a', 'a'),
(28, '19', '34rwe', 'tr', 'tr');

-- --------------------------------------------------------

--
-- Table structure for table `employee`
--

CREATE TABLE `employee` (
  `eid` varchar(25) NOT NULL,
  `ename` varchar(30) NOT NULL,
  `cname` varchar(100) NOT NULL,
  `pos` varchar(30) NOT NULL,
  `city` varchar(25) NOT NULL,
  `pass` varchar(200) NOT NULL
) ENGINE=InnoDB DEFAULT CHARSET=latin1 COLLATE=latin1_swedish_ci;

--
-- Dumping data for table `employee`
--

INSERT INTO `employee` (`eid`, `ename`, `cname`, `pos`, `city`, `pass`) VALUES
('1', 'aj', 'tcs', 'analyst', 'Pune', 'qwertyuiopedfvbnpojhg71fb8a1f9c65a1194b145b0aaf448b06e6730d57ghjklcvbnm'),
('12', 'balasaheb', 'tcs', 'softwaredeveloper', 'Mumbai', '011c945f30ce2cbafc452f39840f025693339c42'),
('12345', 'balasaheb', 'tcs', 'softwaredeveloper', 'Chennai', 'qwertyuiopedfvbnpojhg8cb2237d0679ca88db6464eac60da96345513964ghjklcvbnm'),
('2', 'balasaheb', 'tcs', 'softwaredeveloper', 'Jaipur', 'qwertyuiopedfvbnpojhgda4b9237bacccdf19c0760cab7aec4a8359010b0ghjklcvbnm'),
('23', 'balasahebb', 'tcss', 'softwaredevelopersd', 'Mumbaix', 'qwertyuiopedfvbnpojhg7c4a8d09ca3762af61e59520943dc26494f8941bghjklcvbnm'),
('4', 'balasaheb', 'tcs', 'softwaredeveloper', 'Pune', 'qwertyuiopedfvbnpojhgda3d1c9907d4234e8888fbfc0c905ff9dc3d17acghjklcvbnm'),
('4566', 'balasaheb', 'tcs', 'softwaredeveloper', 'Chennai', 'qwertyuiopedfvbnpojhg356a192b7913b04c54574d18c28d46e6395428abghjklcvbnm'),
('5', 'balasaheb', 'tcs', 'softwaredeveloper', 'Chennai', 'qwertyuiopedfvbnpojhgda3d1c9907d4234e8888fbfc0c905ff9dc3d17acghjklcvbnm'),
('54', 'balasaheb', 'tcs', 'softwaredeveloper', 'Kolkata', 'f7c3bc1d808e04732adf679965ccc34ca7ae3441'),
('55', 'aj', 'tcs', 'softwaredeveloper', 'Bangalore', 'aed4b959a05cfa7040033fd76ec798a619d6e4ad'),
('5555', 'balasaheb', 'tcs', 'softwaredeveloper', 'Chennai', 'qwertyuiopedfvbnpojhgaed4b959a05cfa7040033fd76ec798a619d6e4adghjklcvbnm');

-- --------------------------------------------------------

--
-- Table structure for table `internships`
--

CREATE TABLE `internships` (
  `id` int(11) NOT NULL,
  `organization_name` varchar(255) NOT NULL,
  `role` varchar(255) NOT NULL,
  `start_date` varchar(255) NOT NULL,
  `end_date` varchar(255) NOT NULL,
  `location` varchar(255) NOT NULL,
  `sid` varchar(255) NOT NULL
) ENGINE=InnoDB DEFAULT CHARSET=utf8mb4 COLLATE=utf8mb4_general_ci;

--
-- Dumping data for table `internships`
--

INSERT INTO `internships` (`id`, `organization_name`, `role`, `start_date`, `end_date`, `location`, `sid`) VALUES
(5, 'df', 'df', '2024-03-06', '2024-03-07', 'df', '14'),
(6, 'a', 'a', '2024-03-03', '2024-03-03', 'a', '16'),
(7, 'wt', 'wt', '2024-03-05', '2024-03-11', 'karad', '19');

-- --------------------------------------------------------

--
-- Table structure for table `job`
--

CREATE TABLE `job` (
  `id` int(255) NOT NULL,
  `jid` varchar(20) NOT NULL,
  `cname` varchar(200) NOT NULL,
  `jdesc` varchar(5000) NOT NULL,
  `loc` varchar(50) NOT NULL,
  `jpost` varchar(20) NOT NULL,
  `sal` varchar(20) NOT NULL,
  `uname` varchar(25) NOT NULL,
  `eid` varchar(50) NOT NULL,
  `instituteCode` varchar(255) NOT NULL,
  `startDate` varchar(255) NOT NULL,
  `endDate` varchar(25) NOT NULL,
  `status` varchar(255) NOT NULL
) ENGINE=InnoDB DEFAULT CHARSET=latin1 COLLATE=latin1_swedish_ci;

--
-- Dumping data for table `job`
--

INSERT INTO `job` (`id`, `jid`, `cname`, `jdesc`, `loc`, `jpost`, `sal`, `uname`, `eid`, `instituteCode`, `startDate`, `endDate`, `status`) VALUES
(1, 'j1', 'tcs', 'jghd', 'pune', 'Mobile application d', '6', '0', '2', '0010', '', '', ''),
(7, 'yuj', 'tcs', 'yju', 'Mumbai', 'Network engineering', '6', '0', '4', '0010', '2024-02-19', '2024-02-20', 'approve'),
(8, 'dg', 'tcs', '1234', 'Mumbai', 'Game development ', '4', '0', '23', '0010', '2024-03-11', '2024-03-15', 'approve');

-- --------------------------------------------------------

--
-- Table structure for table `jobapplied`
--

CREATE TABLE `jobapplied` (
  `id` int(255) NOT NULL,
  `sid` varchar(255) NOT NULL,
  `stuname` varchar(225) NOT NULL,
  `eid` varchar(255) NOT NULL,
  `jid` varchar(225) NOT NULL,
  `cname` varchar(225) NOT NULL,
  `clgcode` varchar(225) NOT NULL
) ENGINE=InnoDB DEFAULT CHARSET=utf8mb4 COLLATE=utf8mb4_general_ci;

--
-- Dumping data for table `jobapplied`
--

INSERT INTO `jobapplied` (`id`, `sid`, `stuname`, `eid`, `jid`, `cname`, `clgcode`) VALUES
(1, 'aj', 'aj', '2', 'j1', 'tcs', '0010'),
(2, 'aj', 'aj', '2', 'j1', 'tcs', '0010'),
(3, 'aj', 'aj', '2', 'j1', 'tcs', '0010'),
(4, 'aj', 'aj', '', '6', '887', '0010'),
(5, 'aj', 'aj', '4', '556', 'tcs', '0010'),
(6, 'aj', 'aj', '4', '5', 'tcs', '0010'),
(7, 'aj', 'aj', '4', '5', 'tcs', '0010'),
(8, 'aj', 'aj', '2', 'j1', 'tcs', '0010'),
(9, 'aj', 'aj', '2', 'j1', 'tcs', '0010'),
(10, 'aj', 'aj', '2', 'j1', 'tcs', '0010'),
(37, '4', 'atish', '4', '6', '887', '0010'),
(38, '1', 'aj', '4', 'hjk', 'tcs', '0010');

-- --------------------------------------------------------

--
-- Table structure for table `lectures`
--

CREATE TABLE `lectures` (
  `id` int(225) NOT NULL,
  `empname` varchar(225) NOT NULL,
  `jpost` varchar(255) NOT NULL,
  `topicname` varchar(255) NOT NULL,
  `topicdesc` varchar(225) NOT NULL,
  `topiclink` varchar(225) NOT NULL,
  `video` varchar(255) NOT NULL
) ENGINE=InnoDB DEFAULT CHARSET=utf8mb4 COLLATE=utf8mb4_general_ci;

--
-- Dumping data for table `lectures`
--

INSERT INTO `lectures` (`id`, `empname`, `jpost`, `topicname`, `topicdesc`, `topiclink`, `video`) VALUES
(2, '5', 'Game development ', 'aj', 'AJ', 'bghkb', ''),
(3, '23', 'Network engineering', 'd', 'ds', 'bghkb', 'bandicam 2024-02-22 13-11-56-763.mp4');

-- --------------------------------------------------------

--
-- Table structure for table `projects`
--

CREATE TABLE `projects` (
  `id` int(255) NOT NULL,
  `project_name` varchar(255) NOT NULL,
  `description` varchar(255) NOT NULL,
  `sid` varchar(255) NOT NULL
) ENGINE=InnoDB DEFAULT CHARSET=utf8mb4 COLLATE=utf8mb4_general_ci;

--
-- Dumping data for table `projects`
--

INSERT INTO `projects` (`id`, `project_name`, `description`, `sid`) VALUES
(5, 'df', 'df', '14');

-- --------------------------------------------------------

--
-- Table structure for table `querys`
--

CREATE TABLE `querys` (
  `name` varchar(225) NOT NULL,
  `mobile` varchar(255) NOT NULL,
  `query` varchar(255) NOT NULL,
  `cname` varchar(225) NOT NULL
) ENGINE=InnoDB DEFAULT CHARSET=utf8mb4 COLLATE=utf8mb4_general_ci;

--
-- Dumping data for table `querys`
--

INSERT INTO `querys` (`name`, `mobile`, `query`, `cname`) VALUES
('a', '9764676018', 'a', '4');

-- --------------------------------------------------------

--
-- Table structure for table `student`
--

CREATE TABLE `student` (
  `sname` varchar(20) NOT NULL,
  `mobile` varchar(20) NOT NULL,
  `sid` int(20) NOT NULL,
  `clgcode` varchar(225) NOT NULL,
  `grad_marks` varchar(25) NOT NULL,
  `gender` varchar(10) NOT NULL,
  `email` varchar(20) NOT NULL,
  `pass` varchar(250) NOT NULL,
  `Username` varchar(255) NOT NULL,
  `image` blob NOT NULL,
  `experiance` varchar(255) NOT NULL
) ENGINE=InnoDB DEFAULT CHARSET=latin1 COLLATE=latin1_swedish_ci;

--
-- Dumping data for table `student`
--

INSERT INTO `student` (`sname`, `mobile`, `sid`, `clgcode`, `grad_marks`, `gender`, `email`, `pass`, `Username`, `image`, `experiance`) VALUES
('atish', '9370459867', 11, '0010', '45', 'male', 'atishjadhavaj14@gmai', '1234', 'a', '', ''),
('admin', '9370459867', 12, '0010', '', 'male', '123@gmail.com', '', 'aj', '', ''),
('admin', '9370459867', 13, '0010', '45', 'male', '123@gmail.com', '1234', 'ajj', '', ''),
('atish', '9764676018', 14, '0010', '45', 'male', '123@gmail.com', 'qwertyuiopedfvbnpojhgda4b9237bacccdf19c0760cab7aec4a8359010b0ghjklcvbnm', 'ajjj', 0xffd8ffe000104a46494600010100000100010000ffdb0084000a0708161615181616161918181a1c1a1c1c1a1c1a1c1a241e2321211c1a1a1c1a1c1e212e251c212b211a1c2638262b2f313535351a243b403b343f2e343531010c0c0c100f101f12121f342b212c3434343434343434343434343434343434343434343434343434343434343434343434343434343434343434343434343434ffc0001108009f013e03012200021101031101ffc4001c0000010501010100000000000000000000040203050607010008ffc4004810000201020303070807060406030100000102110003042131051241065161718191b10713223242a1c1d114526272b2e1f01523338292a253c2d2f12434435463733544e217ffc400190100030101010000000000000000000000000102030405ffc4002411000202010402020301000000000000000001021121031231411351046123327122ffda000c03010002110311003f00d52ddc9d0fc69caf986c62ee2194775fbac4781a93c3f2b31a9eae26ef6b96fc535a6e1d9f468aeeed60b87f28db4135baae399ada1f7800d58361f94bc55dbb6edb5bb477dd10b00e0fa4c16637a38d24c2cd7372b84521dca8248c8027baa9185f2a78278de1753ad037bd4d1c0cbdad762ab586e5decf7d3128bd0e193c4454b61b6ce19fd4c45a7fbb710fc68024020a49b427414a533a57695b01bf371ce3b4d3189c62595dfbb70220804b40009d33a32aa5e529c8c039fb56ff0010a028b2e1769d9b9fc3bd6dfeebab781a36be6637cf100f74fbe8cc3edbc45bf52e5d4fbb71c0fe9060d224fa32bd585e1b97f8d4cbe91bfd0e88def0a0fbea670de546f81e9dbb2ff74b5bf12de148746b74866acfb09e54acb7af87b89d2ac8e3de54fbaa5ac72f302f979d287eda3aff00746efbea920a2c4ef43b3d05676e61ae7a97ed3f42dc527ba69f67ada28679ee50ef72b971e8667ceba23110fdb058d4a61ed7d6a8fc3dc51a65441c4f4d6735278408912c0534ef417d22690f88a85a6c614cf43dcb943362a986c556b1d326c299e85bb7e2867c574d0f771335a28d12d85be26866c550772f4d32cf542612f7a6b81e86deae834005ab4d4ad841039ea1ec3467c68d4c4503b248bd21aed082fd71f1153431772fd326fd30f7669bab8893c98e1c3e6279e947083780cc6478d3bb4d8aa8232cfe06a3c631c19cbbabcc2829b0437a013a4f0e9a9ae42e177b149f66e5bfc42a2b6723ddde237411038e7af355a3c9dd83f4893a8baa3b8834d2ca046d78af51feeb781af97d706fa05d32c88afa8316611cfd86f035f3a5abd99956ccfd5278747552a1b220d96faa7ba9b8e352e2fa85209dd327591c6936ad05dd62607e4695080b0f8eba9ea5c74fbaec3c0d4ae1f9658f4f571577f99b7ff14d285a46732148dde61cf517b4ecaa9c80199d3b286a80d07921cb7c7dec4e1ed5c7474760ac771418827511cdefab9794f70b817274dfb63b7784550390185fdf615f8ef0f0357df2ab3fb3de3ebdafc628e8a58314661f5b5fbdf98af2a16ca541e0657b8e86879cff005ef935ef3bfa1486a9721ad69bd956394920123bc4e94c17e194f67e515a8f9195f42f1fb713fcab59bed6bc45fbb049fde5ccb38f5dbb286a8786f230cbe883d9c7f3a497fb47dd4d3df63ac11c263e1facabc1c6a57b891f3a560d26f03c1cc680f58eaf9d3b671ee9ea3327dc729e0450cd88522208ce491064e9a654911f5b2e620fc28b138fa64e61f9518a4d2fb91f682bfbd813efa90b7cb9be3d6dc7eb420f78603dd55662200520993c40e02067dbeea770d82bb701dc4778d77159c0ebdd98ebad23a925c307165df0dcbc3a3d91fcb73e057e35216b97363da1713ad437e124fbab32c47a312b9c09ca20d7acc9cd660f11f1ab5af25d89c69d1af58e5461db4ba07de053f10144ae3d5f357561d0c0f8552366ec2de50cd743269290d9c02416232d748ca6a62d6ceb36d94aa02c27d26f48f589c8765744272965a44c95609a7c474d20dea0c968de83ba7298cbaa6bc818e809ea135b59391f6bb4db5ca2ad6cabad12bba3a4fc053ffb10f169ea1f1a896a450f6b645efd74355aacf25edb229de70c544c1113c72229ab9c923ecdcef5f88350b5a22a657569d1528fc9bbc34dd6ea6f9814d36c9babaa37609f0aa5a917d853045a72bad688d411d608af15ab109de35cce9c5434bdc1c680108b4f2815c2839e92580a6b91a276fec1c338f4f0f69baeda1f8500fc87d9edff00d5b63ee82bf848ab12d2a6b8197d959c3f2130693b88c93ac5c73f8898eca73657236c61dcbdb6704b87866044f74f0ab2835e9a56c04626d6fa3a4c6f2b2ceb12089f7d6749e4e2e21056fa343139a32ea08e04f3d69335ea4b00637b67c99e35e371acb41273765d7ad22b97b9098d5007990e0468e87c48ad99452a290e91853723f121e5b08fbb968a08d73f57a2a1b6f6c2ba8d958ba049cc5b78e1d1957d1d15e028b0a326e42e1cab6165483964441d0f03568f2a9ffc7dcfbd6ff18ab895e81555f295619f67dd0aa58cdb30a093fc4498004e927b286ec0c09bb7be909ac6746ddc05c51e925c5e3e92301ef514338e7207f4fce9508d67c8b7f0ef7df3f852b2edadfc7bdffb6e71fb6d5a97918fe1dece7d3ff2a565fb62d9fa45effdb739febb50c6c8e626b83b68ab3872edbaaa49240119c939081acd4a61393979a77d45b1312cda4e6040cc9cf4f989126f8020e4f3d38118c08927200093d835ab96179328374bef383cca5547df20e59907583cf45bb61ec8215eda2c68092f273f4b773227ae2ad693e5859427b2ea402b1201139647435ad79195fdd5d3ceedf86dd6658b7f38ece148de390e8d04f4e55a9792058b7701fac7f0a7caa02ccc5d21db5f59b39e934f61892359d78749a2ef6186fbfa24fa4daf59a330d61a200551d54a8b4d929b12f5db68a10c4bb97b6c201042056060c1c88eeab7e0304b7159cc02a400b008cf5f0aa8e17084faccc7b63c2ae9b11d2d61dcb10a800cfb4fceb48aa455d8b4b208552161741032a3ad281a557ae7296c2e859ba97e26287b9cafe096ff00a9be007c6ab7202dfc2bad5474e535f77404aa82ca3d15e0489d66ae4bfc57ccfa96f29cb57d0703d3d02852b25a266c3aaa292c0080332076674406074cea8de53adef6cc23eddbfc5588dac65c4f52edc483ecbb2f81ac999be4faa6b86be7cd9db731fe6b79317746ec9cdb7e75faf3cd5a2d9e50e213639c5ef0b9780432ea20cb202085dde0c69017c6407513435cc0db6d517b87c2b24b1e57f103d7c35b6fbace9e3bd5336bcad5b80d730d7003c51d580ebdedda69b405e9f63db3a023a8fce81bbb03395723ac4f8457711caac3dbc35bc4dd2d6eddc215654b104c9008598c94d3786e59e02e7ab8ab73cccdb9f880ad16ac97614862f6c4ba342adde281b9b32f0f609ea20d5af0f8db773d4b88ff0075d5bc0d10cb571d7920a566256fcafe246b87b27a8bafc4d176bcb1bfb5844fe5b87e295966e3737bebc51870f7d61b988d7adf96448f4f08e0fd9b8a7c54549e1bcaae1d9778e1ef8e11e837f9ab0be31572e48e0f7ed99139fce9a6d8cd33ff00ea58200174bc80f3a29f72b134f59f29fb39bfeabafdeb4fe2148ac9f96384dc090389d2aabbd49da0b3e90b5e50766b7ff6907de0cbef2b145dae59601bd5c658feb51e35f335737e8b0b3ea8b7b770cdeae26c99d22e27ce8c4c4a1d1d0f5303f1af93241a2f66e00dcb8aab0b24098d3b2859748567d5a0d44f295a2c375af8d64db236135c403798004acab15f572e06a77cd6e0281de14c66ecda75935d3f1b45ca77eb263f226a30fee071ae36ee4c465c247c699b975f773691cc673cf4ce9904eee4dc3a3e549becfba4483a78d7aee31ae0f3a2e49d2659791f896379946eaaee9621428932a24c013ad57b6d6cfb02f5eff87b67d2733bb1c4f1041e9a3f91a5fe90c34fddb70fb49cf416db63e7af67ed3d7246117ad2b4aa8ec94a51d34efb136d9546e8b6002720244651909319654cdf40242ef2e5a908f1d45909f7d213131079ba694d8c04e9c2b5f1e935c1979b553e486c4ecfde066edd3d62474c2ca8e1420d8eb302e475db8f06353af7f23973d79889191ac25f1b4dbc16be44fb21576199c9d0f5971fe5abef93809677d19d778924012644289d3a2aba7704c9ef079aa43938c05f4c88c9b87d93513f8918ab4cd74f5dc9d344262f0c56e3ef42fa4dab28e27a6a2f6bdeba857cdcee91aaaef01fcc268ae56bfef9fef3fe23556c791be7b2b93520a384742d46fa347d8218d9b6cd258a2933acc6735378d07e8777eeff009b3ac4cdd234623a89a97d838db85994dc72a57352ec41cc7098a852c516a44c06ce9f434228a7ed1cea0b2430a7d34cbdb5f115a527f11feea78bd67381c15c675608e46f29f51a35d662b454421cb702aa3b8b7ceae2303e5dd92db3f7409f4adf09f6ab03c4ac3dc1204371eb2057d4b81f5076f89ae8b6ac012aa647100d498b316e4ae137b04edf618fe3f955a2cdaded86ca7eaa78a55f3f66d9dd2a2d205208202a8041d4401d27be92db2ecf9a3677145b223707a2387369a0a2d059f30629219c733478d5ac6001c033c7b2867af73e75a8627c9aecf72c771d4b193bb71f5ed2629f6e4458fa3b61d5ae2a1004ca961111aac70a1508a872c96762e1ba1ed9fed7acdf63e1b7ef6e708f881f1addf6d72445fc126116e940a54872bbda023350473f3d55f65f92fb962f79c188465888dc287553ce470a0647f934c00b5b42eac0c8003b431aa3e336a626d5c70988bc837dc42dc703263946f655b36c6e4bddb38e7c4129b8ca064cd32011982b1c79ea83ca0f27b8e6bd71edda0cad72eb0f4d064cdbc3224450c0a038cbd9ef35ebaac2240d79ff002a69ad57b70ccfc69086f77d235a5793fc3036093ce7c5ab3a54ceb5df26b86270d20713f1ad34d5c8115df280bb9e6b299df3c3a3e754667f44e46b43f2a0855ec88e0fe2b59f3a12b114a5fb30635bb5d9001cbddd3440b74cba3f015000f6fd61d7564e4f435d93f5c6bd439ea0ad5870c0ee9d6ac1b0148b92647a60f640a71e57f44f866bbc8cc28387531ed3f8d41e34af9db8247aeff88d5ab9116cfd1524e7bcdc238d52769dd1e7ee8cbf88ff0088d777c6954999fc857147481bb973739aeee82343c38fe74079d11c34a74bf570e6aec533936964e4b802f12baee36b278ad476da55376e13aef34e945f24dc79d688f50fe25a8cdb0e3cf5dcf3df7e3d26b24ff237f46d28fe25fd183697283e15c6b307514d5e306398f3d37e733fceaf7232da3a5323db5cb93969afc0d35bf91d78f1a4bb9e07de3e552e4351472e0264d4b727ef937d3a9b4fba6a20b37ea2a4b93973f7e93ccdc3ec9a9949d3348456e441f294cdf79facde26abf89b6a4924c7755a36ca837ae4807d36d4749aabd9b6a6f99008dd39100f3572ea46dafb3552e7e812ed948620cc757c288d803d33f77e229edab6d554eea85cb808e34cf277f887eefc45734a3b65469077927104b0eb1570e5372a5702ca82c6fef2ef48608066441f4493a553d751d62a4fca55b9643f607e23f3a49b48ddf03373ca95d3ea58b63ef3b37b805abc72a31789c3da7b96ca1088ec4327d5048f6ba2b07bb91038e55f43f28137b018c319fd1ef11fd0f4d3be484db4ccbec7953da08201b04731b672ee715247cac62edb6e79ab0c005f65c1cd41d43c71e6acdd135ea14eed012f31eca1fec4f9d220d930be51710c9bff0047b6de886203b2c089d4833405af2ce3dac19fe5ba0fb8a0f1a57233001ed383c6d2f81158fa0959e81e029514d1b5daf2c9873eb61af8ea36dbc5854c3f94ac2aaef35bbe0449f410c75c3d7cf76f5ad3c6ce0f81c53466b6a47f4b1f8509589173b7e553669d6e5c5ebb373e0a68fc2f940d9f70c262278e76ee8f14af9bd8c1ab0725edcb38e843ef34091bb8e5b6cf9838bb4a7999b74f73014fdbe55e01b318cc376de41e2d58172f307e671ae832056db778fcaa01453e061cd6a922dd0a76931e03f5d95cfda4df5477d21062a56cde4d6dc6117ae6b10b5b433f4972e8addfc9cbce0908d0c1cfeea9ad34f9634557cac2fef6c8fb0de22a806de5575f2c38b2988b20099b6c7fb8567dfb51bea8effcaa65fb0839529c4b751c9b51a7d404f349a3aee31847a224e80499edfcaa1ba00ab76e8cc3234ca0de6e0a2333c06795435ada170c45b127ed767354b6cddaa88c0dd8460660076ead162a93c8d51b772347fc2afde6f1accb6adbbff48bc459720dcb84102722ed075ad4b9223fe153adbf111543c672930ab7ae2b5e5055dc10430cc330234e8adb4e5b5b14a2a58640adbbe06765f41ec37ca9d45bdfe0dde1ff004dbe5528795183ff00b84feef953ebcacc17fdc27f77cab6f2fd91e18fb1ee4a338bcdbc8ea3735652a24b2e40b402723954563fce35fbc0d9b91befbadb84861391078d4c61794d856062fa1cce9bdce63857872b305247d252470f4be546fcdd9a78e3b546c807c25d6de8b4f2a24028fe9708521609cf49e1402d8c4839e19e3a2dbe9fd35721cadc1683129dcdfe9ae3f2cb031ff30bd8ae7fcb4b7fd93e187b2ae985ba41fdc5d1d76dbe55e7c15dcbf757351ec375f35590f2e70032378f65bba7c129b3cbcc0401e7ce9fe15dff004557957b42f0c7d95d6c35c98f36ff00d0df2a90e4fdb717d0b238003665187b246a451ebcbac071bcdc7fe95dff00452ac72d304e616e92733fc3b9fe8e9a4f557b438e9453bb2b3b7ad5c6bae111c6f3901b758012752d190e9aade2f05743c8b6e7a77188f70ceb431cb3c113bbe78cc91fc3b9aff453188e596104a9b8d235f42e7fa6b3934f363504bb28788576569461190f45b3ef15ee4fda6170ca91e89cc82388e356dbdcaec29393b7f43ffa6984e525869dd663124fa0da768aca54ddd949240c96198c2827a84c54e72e6d876b60e60a7c72ce80d99cb9c35a762c1d8111e8a719e923a6a3f94dcb1b37991eda398104380bc49e04d45522f72222eecd42660c8e93d95b8e3167058a1cf62e7e06ac15f6f082421d3eb7e55bf44e13123ff0bfe06a170c9b558302fa201e15dc4608161afaa9ee45f9537fb5d4c92841e027c79a9dc46d500afa073443af3a8e8a44e0d7b9016e2df5d91f0ac5ede0b75626b6cf27afbd69580f5ac031fd39562cdb4d7ea191c27be9be06c4a6060ccce46b5ac0599c063073e1cfe07ac97f6b0fa87bff002ad8b631dec162606b86263f918d11e4118d3e0a4933af4558b92586877fbaa3b89a806da89c10c7581563e45e283bdc014885075e93f2a425c857955c24e3c30cbf736ffcd5505c2e51c79eaebe56714131a837666c5b3ac7171f0aa526d4fb1fddf9512e4402c81588303867d1ad24eec1cc5591ca6f4872c0880a78368627afc281c761250b2fa464c8cb7b239981a8e9ace3a898ac8a5b55bdf93c3bb81b423d953fdab58dfd177906e2924021a04f3904fbfbab5fe4b627cde0edb700a2444fb239b8f456fa5259b29149f2b2fbf89b60ccf9bcb298f48ccc76553ede0e52199723947c662ad9cb4c57d23121d4185402623213396a39eab8e879e4ce80cd6529294b04ddf001bca994cc663809ecd7b69c37430de025b23039fc4d14417305000329f952130171482b94eb9f8d4ee8ae79011b17d3c4203c5d72edce8ae55590b8860382af84d73669617918813be08ca739e8ccd2b955bcf8876d25532d33dc50729319835aae07d1f40f247fe56df5bfe2615f3bed7b3bf89c5105415bb7da0cc9f4d898afa2792bff002d6ff9ff001bd7cf1b6b0cde7f10e08fe2de3c7ebbd0c6c13f663fa3014cc0cb84e93cdcd43911911a6511532b72e00b241cd7d913d199a69f66bddb90b1bcdce470124eb1c0f1a0449f2470c1dae643209a0fbd55fc540b97047b6dee63576e4061b73cec919f9bff003555b19811e71cceaefcdf58d535fe5329f00d86c3efcb0d46a09fca93b530a6c91ea9ded3ba74e146616d84322674e141edb392f59f0152491ed883cc3ba8fd9b83f3ad0187ac049cb58cfb33eea8a4306a73666201409a6e9633cfbd072e8cbde69003dec2857659cd491d71c6a6392786debe447b0de29f3a1ae156d73e9e3531c8c4031278feedff001255256c172572f6ef9e61c43b0fee2299c68f489e93f0a5e36c117dcffe573afdb26918b5de2606a4fc2900ca959fcea6b939655ddc0ff0dbc45422e118e80f71f9558b92568a3dc2c0806db01208ce57a285c8d72577136f7481c753de63dd14b5b5e816ebf1ab0dec1a1cf7413970a0f13857884491cc054d838b20b7241ecf957d35865dec3df1cf688ef46af9ccecabc6776db9d6329ea135f426c8c7215b89bc378a693cca647be8df1586c693a67ce68b285b8cfca9fbf6e5edfdc4f023e1478d8b70201794a12447aa0e532380ce67b053d7b6492c9bccbb9b801024e637b20622730788a5b90b6b359f26422cdb1ff888ee61588e3adfef1c291ed78e9a6b57dd97ca4b9864f376d5080a54162673d74d2a10adb024d9b608fb6e7b75a1cd15b6cacdbc2b3a80bafa5f189ebc876d6d9c9ebeab85baacc01387dd00f3ee11154dd996f7d652da05112d9c0920032787e54bfde6eef7a2c20923986833e33f0359f9a9d605467e70e54436590ce3beacbe4fc817dc4ea93dcc00fc546176247eed39c1819734123ae9e4b8fa2aa2c65a465ac02238c1aadf40950e795c4271b6cc120e1ad80638ef5ccaa9b87c0349254d5bc5c93bd75f21c736d3d986272ae1daa84909bcc064485004f66549eab6f08146c8c169e3782e6633035ebeca7b0f6480049cb4201e3cd470b9c07eba29c456e02b9dcd118403f44dd1971cf2fcf513e352f7b18e965115c95225808f44c28039c713fed4c36f7143343dfc1978c8803b7aaa7cbcaf600d8872f25b3204406227a4e59e951b66c98274fd78d4da614ae59f74d3be678eefba9c757682a215b0ac38febe14a4b4419cd8c7bbaaa65141d465d54eaa09903a3f3a4f5115512b78fc302bcc46b19f4d02971d402bbc068788f955d45a53944f5feba2923096f5651272f7ff00b55c7e4a8ac89e0d2364ed8b5630d6f7dc2e6c38939bb701d62b2de526c647bf79ec5d4f34ec58027d2961bcfeb107d72dd59548178e2c63b6bd6ae0320cb3701969c672356be44a4f0b035727c103fb11c00cd706e82338007467342e3ed6e286df57cf31bea0f444eb568c461c3008d267389d238d318ae4e2ba90353c49397bab75a88d3c4df035b16e2d85de67553702b05255cc09830a4c4cce79d47be0ecb3331b8c6493906e2679a8bd9bc97f364efeeb823289cb59e1970a93b5b26d0f67bf3f8d0f53a2d6849ac902b82c3fd773d87e3148bdb3b0ed1eb93d9f3ab4fd011464a0f445296d0fab1d83e550f50b5a0537f6558fa8e7fa7e744d8c05a5d2cb9eff0080356a61cc0f7453897d8703df53e57e87e05ecae261178618f693fe9a2ac619d734c3470993539f4a7ff7ce96b8c7e3e1f21479594b423ec81fa1dc39fd1d467c57ff00d522ee12e2825911073981eede9a9db9b4489f4b9f407c6aa4a9bf259b78e9273e6e7a37b14b4e285fd2070607a87ce6bad75c195cc1e3e82c74662bc96626567b32ebcbabdf41636d182ca174531e967239c9a3749f0cc5c1a0a0ee47019c092bf2d35fd1af580e6779542c4cea729196a06935101d954332344fd63df069498b0034071300c41eea55222da26b11737494552572893c723974e67a28db7b4340c8483a64ad13320b13a10070f678556462c933e99c8082077f5f4d3a98824648e46b04803281cdd150f45c96437121892a4b6e805672ca32d63a29a0638659466047567c7e148b0f9025181e691f2a3acbdb51e9a3911a8603bc1533d95a28be0ab44563ef6437080dc635ed9a0f0f8e1ed899fd69563c3b58764528412409de3c4ea054e6d3e4eda4c31bcac7d70bba60ebc6604f5556dea8137d32a6318c00dcd0c820409072822728f8576c631c00a50919685464321c4cf3f6d3d7304c2775c74643e54328611370f503f2a8718b13411e719b5531cd1f214af3aff68765455f39cabb1eb24d36d6c9cc0279c1fce9ed427449ddb81b27008e6240e8a6f0f8bb766427a33a80d33d27a6834c39e03be92367ce669a8a42cf4592edc2be90563d00026b8b8c9d415e6263e74ca629240f688d3a8c1d29e796c8475e55c4f4d3e4cb6a6c26ce2c7d60dc4449ea93487c70047a0cd3f544d35b8cba9811fa9e8ce9c4b8ba4e67865fec2a1e94506d4869b693827f76e070319d389b449d54f090723facebc98804913baa39e06bacf8522ee3d17d63020c69dc4f3f452f1c1e2836a0bb78952048827a29d239849e6907dfefa857c65b1003098198cff2c8659d2ac6d11a6f8d7ea16075d32f78347865d20a6892b87a3f5cf3426f41f449cf86bc79b9b2a7c3d9dd0ccf23500133dcba77d34877c828375663a4fcaba61a14b26f18a09b36f28592dce4e59feb4a52a14de8967688813db0340288b2a490891bc7b00e324f0a99c1ec6541bce7798ea677a7e5d55aa46cbe88dd9f84dd5de7cd8e7397ba68a7b8470c8748f854ab5c45f455247391f1228561d5dc453b3484681431e6cbac1a4913c3f5d3145171ce239a3e629480718eacfe141a00aa73a9ebcfc2296b6cf0551d9462dc5f688ee1f9d21af24e441eaff6a5416302d36840ebaf2d824683e7eea7be90bc6278521b1abcc09e9ce95586e4bb19643c167dfa0e35df344ea02e9c7a29c5c7289cbc0520ed31a40eaa6a22738a3bf465391fcba62699bbb191f5cbaa2bad8f2782d2531a7411d94f689ca2c0df60b09dc76ea30dd53cd5158ed8f7c2eeee6f6998cbab23563fa63fe89a49c439cc853d7428994aba29f7acb04dc28c1870209e88e9a2d2deeafa9032311efab30dff00b03bb4eca66f5b2dc514c40217e51df55b4cdb2a58ebee7d452738c854379dc44fa3be3b0c56847002002d908d739e8246a3aebd6b67a924ef6ee9c489e82788cead60871b28eef8a703d1611cc02d3aa97c8f4bdf273e1df5726c2859f48760a659278ce5cd45b16d2ad84c13cab9732a41ddcb81196556ac6ed76bb8738736cacbab6f079883319f3c522d22afb200e6103e14a68d648f7fc450ec692443bece2da972239e29db7b254711eea31ef4709ecae7d20715cfb696d1e0606ce4e79a717028384f6579b15d047eba692d8b0784d3da16870e1d07b02ba2d0e61d943bddc8e4418efd321fae35e6776f54691a67911333342434c0ad6058349dc04e7e93aafbb7b2ce696e7eb3ae5cc7e551c6e019d748761e82181a99513efacb6af41fe570685c8ac1d9bb658bdb4b8c1a016de3a01944c11d9c6a2fca0ad9b2d65bcd2a1657108bb8085ddf5b38f688e9a91f27f702e19fefe750dcbfba979ecc9601039c809325471eaf7d7438c230e0c9e3254db6c20102d9cbeb3123aa0014da6d861eadbb7fd229c6d8e49946f45a2010273d3a2bcfb220c1688d46bde440eea88ece82db187dab78e61d57b33ef19fbe860f71dc2872c5b2279a7582470a9bfd92b00155319c891dfcf52186c22ae8a0cea1802279c71f0d38d16ba0a7d8cdac3a25a559de650249d678f5f6d1761cbe9e88fac60708c870a55b6006e8d350208f031a1ae8046bfaf1a5c9a20bc3625adc85ddccea44fbe68b7db578fb6ba6bbaa7c6a312cc67909249ebf9f4d39e6b9fe74522ad851da2ec7d279ea55fd0a22ce2071627ac9a05107353ca0735269149b0c5c52731239c9267ba9d4c588816c1edf81a096959521d85fd227fe9acf4b08f1a6dd49ff000d7bcf853682bc0eb48624e163539f301f3af0c309d4f7d3915dde3c49a006be8abd3df4a18751ecfc6962bd340ce6e0e00775762bb9f3d249a00f18aec5708a44534c961696163d6f70a7570a3286cfa2800c79ebde79b81aa44b245ec96cce7ce0e54c5cc20e0147496f870a4dab8cdc73aeef67991eff009534c93c30434de5fd73489349b9b3da6095ef027c29fb64c188fd7fb53c6c9224b4c7eb539fba80226f6158711fda7de24d0ad622a5e069239b314d912216081cc23c45014467d05ce801fe61e1395357302ff572ed152874cfb3fde95be60640e9ac67cde1c68b0a211f0846a867f5d349548f64835378a22330475c1ee8d280c4222a9666d3a09e89f7d160d223e224f74cc70e68834dd967032dce91323ac6544ddb68da3375fe4699f38464a67a6070e8cb9e9a12e4ffd9, '1'),
('gf', '9370459867', 15, '0010', '45', 'male', '123@gmail.com', 'qwertyuiopedfvbnpojhg4ebb4595eab529e499b9b866707a956aee2bf4abghjklcvbnm', 'gf', '', ''),
('admin', '9370459867', 16, '0010', '45', 'male', '123@gmail.com', 'qwertyuiopedfvbnpojhg86f7e437faa5a7fce15d1ddcb9eaeaea377667b8ghjklcvbnm', 'a', 0xffd8ffe000104a46494600010100000100010000ffdb0084000a0708161615181616161918181a1c1a1c1c1a1c1a1c1a241e2321211c1a1a1c1a1c1e212e251c212b211a1c2638262b2f313535351a243b403b343f2e343531010c0c0c100f101f12121f342b212c3434343434343434343434343434343434343434343434343434343434343434343434343434343434343434343434343434ffc0001108009f013e03012200021101031101ffc4001c0000010501010100000000000000000000040203050607010008ffc4004810000201020303070807060406030100000102110003042131051241065161718191b10713223242a1c1d114526272b2e1f01523338292a253c2d2f12434435463733544e217ffc400190100030101010000000000000000000000000102030405ffc4002411000202010402020301000000000000000001021121031231411351046123327122ffda000c03010002110311003f00d52ddc9d0fc69caf986c62ee2194775fbac4781a93c3f2b31a9eae26ef6b96fc535a6e1d9f468aeeed60b87f28db4135baae399ada1f7800d58361f94bc55dbb6edb5bb477dd10b00e0fa4c16637a38d24c2cd7372b84521dca8248c8027baa9185f2a78278de1753ad037bd4d1c0cbdad762ab586e5decf7d3128bd0e193c4454b61b6ce19fd4c45a7fbb710fc68024020a49b427414a533a57695b01bf371ce3b4d3189c62595dfbb70220804b40009d33a32aa5e529c8c039fb56ff0010a028b2e1769d9b9fc3bd6dfeebab781a36be6637cf100f74fbe8cc3edbc45bf52e5d4fbb71c0fe9060d224fa32bd585e1b97f8d4cbe91bfd0e88def0a0fbea670de546f81e9dbb2ff74b5bf12de148746b74866acfb09e54acb7af87b89d2ac8e3de54fbaa5ac72f302f979d287eda3aff00746efbea920a2c4ef43b3d05676e61ae7a97ed3f42dc527ba69f67ada28679ee50ef72b971e8667ceba23110fdb058d4a61ed7d6a8fc3dc51a65441c4f4d6735278408912c0534ef417d22690f88a85a6c614cf43dcb943362a986c556b1d326c299e85bb7e2867c574d0f771335a28d12d85be26866c550772f4d32cf542612f7a6b81e86deae834005ab4d4ad841039ea1ec3467c68d4c4503b248bd21aed082fd71f1153431772fd326fd30f7669bab8893c98e1c3e6279e947083780cc6478d3bb4d8aa8232cfe06a3c631c19cbbabcc2829b0437a013a4f0e9a9ae42e177b149f66e5bfc42a2b6723ddde237411038e7af355a3c9dd83f4893a8baa3b8834d2ca046d78af51feeb781af97d706fa05d32c88afa8316611cfd86f035f3a5abd99956ccfd5278747552a1b220d96faa7ba9b8e352e2fa85209dd327591c6936ad05dd62607e4695080b0f8eba9ea5c74fbaec3c0d4ae1f9658f4f571577f99b7ff14d285a46732148dde61cf517b4ecaa9c80199d3b286a80d07921cb7c7dec4e1ed5c7474760ac771418827511cdefab9794f70b817274dfb63b7784550390185fdf615f8ef0f0357df2ab3fb3de3ebdafc628e8a58314661f5b5fbdf98af2a16ca541e0657b8e86879cff005ef935ef3bfa1486a9721ad69bd956394920123bc4e94c17e194f67e515a8f9195f42f1fb713fcab59bed6bc45fbb049fde5ccb38f5dbb286a8786f230cbe883d9c7f3a497fb47dd4d3df63ac11c263e1facabc1c6a57b891f3a560d26f03c1cc680f58eaf9d3b671ee9ea3327dc729e0450cd88522208ce491064e9a654911f5b2e620fc28b138fa64e61f9518a4d2fb91f682bfbd813efa90b7cb9be3d6dc7eb420f78603dd55662200520993c40e02067dbeea770d82bb701dc4778d77159c0ebdd98ebad23a925c307165df0dcbc3a3d91fcb73e057e35216b97363da1713ad437e124fbab32c47a312b9c09ca20d7acc9cd660f11f1ab5af25d89c69d1af58e5461db4ba07de053f10144ae3d5f357561d0c0f8552366ec2de50cd743269290d9c02416232d748ca6a62d6ceb36d94aa02c27d26f48f589c8765744272965a44c95609a7c474d20dea0c968de83ba7298cbaa6bc818e809ea135b59391f6bb4db5ca2ad6cabad12bba3a4fc053ffb10f169ea1f1a896a450f6b645efd74355aacf25edb229de70c544c1113c72229ab9c923ecdcef5f88350b5a22a657569d1528fc9bbc34dd6ea6f9814d36c9babaa37609f0aa5a917d853045a72bad688d411d608af15ab109de35cce9c5434bdc1c680108b4f2815c2839e92580a6b91a276fec1c338f4f0f69baeda1f8500fc87d9edff00d5b63ee82bf848ab12d2a6b8197d959c3f2130693b88c93ac5c73f8898eca73657236c61dcbdb6704b87866044f74f0ab2835e9a56c04626d6fa3a4c6f2b2ceb12089f7d6749e4e2e21056fa343139a32ea08e04f3d69335ea4b00637b67c99e35e371acb41273765d7ad22b97b9098d5007990e0468e87c48ad99452a290e91853723f121e5b08fbb968a08d73f57a2a1b6f6c2ba8d958ba049cc5b78e1d1957d1d15e028b0a326e42e1cab6165483964441d0f03568f2a9ffc7dcfbd6ff18ab895e81555f295619f67dd0aa58cdb30a093fc4498004e927b286ec0c09bb7be909ac6746ddc05c51e925c5e3e92301ef514338e7207f4fce9508d67c8b7f0ef7df3f852b2edadfc7bdffb6e71fb6d5a97918fe1dece7d3ff2a565fb62d9fa45effdb739febb50c6c8e626b83b68ab3872edbaaa49240119c939081acd4a61393979a77d45b1312cda4e6040cc9cf4f989126f8020e4f3d38118c08927200093d835ab96179328374bef383cca5547df20e59907583cf45bb61ec8215eda2c68092f273f4b773227ae2ad693e5859427b2ea402b1201139647435ad79195fdd5d3ceedf86dd6658b7f38ece148de390e8d04f4e55a9792058b7701fac7f0a7caa02ccc5d21db5f59b39e934f61892359d78749a2ef6186fbfa24fa4daf59a330d61a200551d54a8b4d929b12f5db68a10c4bb97b6c201042056060c1c88eeab7e0304b7159cc02a400b008cf5f0aa8e17084faccc7b63c2ae9b11d2d61dcb10a800cfb4fceb48aa455d8b4b208552161741032a3ad281a557ae7296c2e859ba97e26287b9cafe096ff00a9be007c6ab7202dfc2bad5474e535f77404aa82ca3d15e0489d66ae4bfc57ccfa96f29cb57d0703d3d02852b25a266c3aaa292c0080332076674406074cea8de53adef6cc23eddbfc5588dac65c4f52edc483ecbb2f81ac999be4faa6b86be7cd9db731fe6b79317746ec9cdb7e75faf3cd5a2d9e50e213639c5ef0b9780432ea20cb202085dde0c69017c6407513435cc0db6d517b87c2b24b1e57f103d7c35b6fbace9e3bd5336bcad5b80d730d7003c51d580ebdedda69b405e9f63db3a023a8fce81bbb03395723ac4f8457711caac3dbc35bc4dd2d6eddc215654b104c9008598c94d3786e59e02e7ab8ab73cccdb9f880ad16ac97614862f6c4ba342adde281b9b32f0f609ea20d5af0f8db773d4b88ff0075d5bc0d10cb571d7920a566256fcafe246b87b27a8bafc4d176bcb1bfb5844fe5b87e295966e3737bebc51870f7d61b988d7adf96448f4f08e0fd9b8a7c54549e1bcaae1d9778e1ef8e11e837f9ab0be31572e48e0f7ed99139fce9a6d8cd33ff00ea58200174bc80f3a29f72b134f59f29fb39bfeabafdeb4fe2148ac9f96384dc090389d2aabbd49da0b3e90b5e50766b7ff6907de0cbef2b145dae59601bd5c658feb51e35f335737e8b0b3ea8b7b770cdeae26c99d22e27ce8c4c4a1d1d0f5303f1af93241a2f66e00dcb8aab0b24098d3b2859748567d5a0d44f295a2c375af8d64db236135c403798004acab15f572e06a77cd6e0281de14c66ecda75935d3f1b45ca77eb263f226a30fee071ae36ee4c465c247c699b975f773691cc673cf4ce9904eee4dc3a3e549becfba4483a78d7aee31ae0f3a2e49d2659791f896379946eaaee9621428932a24c013ad57b6d6cfb02f5eff87b67d2733bb1c4f1041e9a3f91a5fe90c34fddb70fb49cf416db63e7af67ed3d7246117ad2b4aa8ec94a51d34efb136d9546e8b6002720244651909319654cdf40242ef2e5a908f1d45909f7d213131079ba694d8c04e9c2b5f1e935c1979b553e486c4ecfde066edd3d62474c2ca8e1420d8eb302e475db8f06353af7f23973d79889191ac25f1b4dbc16be44fb21576199c9d0f5971fe5abef93809677d19d778924012644289d3a2aba7704c9ef079aa43938c05f4c88c9b87d93513f8918ab4cd74f5dc9d344262f0c56e3ef42fa4dab28e27a6a2f6bdeba857cdcee91aaaef01fcc268ae56bfef9fef3fe23556c791be7b2b93520a384742d46fa347d8218d9b6cd258a2933acc6735378d07e8777eeff009b3ac4cdd234623a89a97d838db85994dc72a57352ec41cc7098a852c516a44c06ce9f434228a7ed1cea0b2430a7d34cbdb5f115a527f11feea78bd67381c15c675608e46f29f51a35d662b454421cb702aa3b8b7ceae2303e5dd92db3f7409f4adf09f6ab03c4ac3dc1204371eb2057d4b81f5076f89ae8b6ac012aa647100d498b316e4ae137b04edf618fe3f955a2cdaded86ca7eaa78a55f3f66d9dd2a2d205208202a8041d4401d27be92db2ecf9a3677145b223707a2387369a0a2d059f30629219c733478d5ac6001c033c7b2867af73e75a8627c9aecf72c771d4b193bb71f5ed2629f6e4458fa3b61d5ae2a1004ca961111aac70a1508a872c96762e1ba1ed9fed7acdf63e1b7ef6e708f881f1addf6d72445fc126116e940a54872bbda023350473f3d55f65f92fb962f79c188465888dc287553ce470a0647f934c00b5b42eac0c8003b431aa3e336a626d5c70988bc837dc42dc703263946f655b36c6e4bddb38e7c4129b8ca064cd32011982b1c79ea83ca0f27b8e6bd71edda0cad72eb0f4d064cdbc3224450c0a038cbd9ef35ebaac2240d79ff002a69ad57b70ccfc69086f77d235a5793fc3036093ce7c5ab3a54ceb5df26b86270d20713f1ad34d5c8115df280bb9e6b299df3c3a3e754667f44e46b43f2a0855ec88e0fe2b59f3a12b114a5fb30635bb5d9001cbddd3440b74cba3f015000f6fd61d7564e4f435d93f5c6bd439ea0ad5870c0ee9d6ac1b0148b92647a60f640a71e57f44f866bbc8cc28387531ed3f8d41e34af9db8247aeff88d5ab9116cfd1524e7bcdc238d52769dd1e7ee8cbf88ff0088d777c6954999fc857147481bb973739aeee82343c38fe74079d11c34a74bf570e6aec533936964e4b802f12baee36b278ad476da55376e13aef34e945f24dc79d688f50fe25a8cdb0e3cf5dcf3df7e3d26b24ff237f46d28fe25fd183697283e15c6b307514d5e306398f3d37e733fceaf7232da3a5323db5cb93969afc0d35bf91d78f1a4bb9e07de3e552e4351472e0264d4b727ef937d3a9b4fba6a20b37ea2a4b93973f7e93ccdc3ec9a9949d3348456e441f294cdf79facde26abf89b6a4924c7755a36ca837ae4807d36d4749aabd9b6a6f99008dd39100f3572ea46dafb3552e7e812ed948620cc757c288d803d33f77e229edab6d554eea85cb808e34cf277f887eefc45734a3b65469077927104b0eb1570e5372a5702ca82c6fef2ef48608066441f4493a553d751d62a4fca55b9643f607e23f3a49b48ddf03373ca95d3ea58b63ef3b37b805abc72a31789c3da7b96ca1088ec4327d5048f6ba2b07bb91038e55f43f28137b018c319fd1ef11fd0f4d3be484db4ccbec7953da08201b04731b672ee715247cac62edb6e79ab0c005f65c1cd41d43c71e6acdd135ea14eed012f31eca1fec4f9d220d930be51710c9bff0047b6de886203b2c089d4833405af2ce3dac19fe5ba0fb8a0f1a57233001ed383c6d2f81158fa0959e81e029514d1b5daf2c9873eb61af8ea36dbc5854c3f94ac2aaef35bbe0449f410c75c3d7cf76f5ad3c6ce0f81c53466b6a47f4b1f8509589173b7e553669d6e5c5ebb373e0a68fc2f940d9f70c262278e76ee8f14af9bd8c1ab0725edcb38e843ef34091bb8e5b6cf9838bb4a7999b74f73014fdbe55e01b318cc376de41e2d58172f307e671ae832056db778fcaa01453e061cd6a922dd0a76931e03f5d95cfda4df5477d21062a56cde4d6dc6117ae6b10b5b433f4972e8addfc9cbce0908d0c1cfeea9ad34f9634557cac2fef6c8fb0de22a806de5575f2c38b2988b20099b6c7fb8567dfb51bea8effcaa65fb0839529c4b751c9b51a7d404f349a3aee31847a224e80499edfcaa1ba00ab76e8cc3234ca0de6e0a2333c06795435ada170c45b127ed767354b6cddaa88c0dd8460660076ead162a93c8d51b772347fc2afde6f1accb6adbbff48bc459720dcb84102722ed075ad4b9223fe153adbf111543c672930ab7ae2b5e5055dc10430cc330234e8adb4e5b5b14a2a58640adbbe06765f41ec37ca9d45bdfe0dde1ff004dbe5528795183ff00b84feef953ebcacc17fdc27f77cab6f2fd91e18fb1ee4a338bcdbc8ea3735652a24b2e40b402723954563fce35fbc0d9b91befbadb84861391078d4c61794d856062fa1cce9bdce63857872b305247d252470f4be546fcdd9a78e3b546c807c25d6de8b4f2a24028fe9708521609cf49e1402d8c4839e19e3a2dbe9fd35721cadc1683129dcdfe9ae3f2cb031ff30bd8ae7fcb4b7fd93e187b2ae985ba41fdc5d1d76dbe55e7c15dcbf757351ec375f35590f2e70032378f65bba7c129b3cbcc0401e7ce9fe15dff004557957b42f0c7d95d6c35c98f36ff00d0df2a90e4fdb717d0b238003665187b246a451ebcbac071bcdc7fe95dff00452ac72d304e616e92733fc3b9fe8e9a4f557b438e9453bb2b3b7ad5c6bae111c6f3901b758012752d190e9aade2f05743c8b6e7a77188f70ceb431cb3c113bbe78cc91fc3b9aff453188e596104a9b8d235f42e7fa6b3934f363504bb28788576569461190f45b3ef15ee4fda6170ca91e89cc82388e356dbdcaec29393b7f43ffa6984e525869dd663124fa0da768aca54ddd949240c96198c2827a84c54e72e6d876b60e60a7c72ce80d99cb9c35a762c1d8111e8a719e923a6a3f94dcb1b37991eda398104380bc49e04d45522f72222eecd42660c8e93d95b8e3167058a1cf62e7e06ac15f6f082421d3eb7e55bf44e13123ff0bfe06a170c9b558302fa201e15dc4608161afaa9ee45f9537fb5d4c92841e027c79a9dc46d500afa073443af3a8e8a44e0d7b9016e2df5d91f0ac5ede0b75626b6cf27afbd69580f5ac031fd39562cdb4d7ea191c27be9be06c4a6060ccce46b5ac0599c063073e1cfe07ac97f6b0fa87bff002ad8b631dec162606b86263f918d11e4118d3e0a4933af4558b92586877fbaa3b89a806da89c10c7581563e45e283bdc014885075e93f2a425c857955c24e3c30cbf736ffcd5505c2e51c79eaebe56714131a837666c5b3ac7171f0aa526d4fb1fddf9512e4402c81588303867d1ad24eec1cc5591ca6f4872c0880a78368627afc281c761250b2fa464c8cb7b239981a8e9ace3a898ac8a5b55bdf93c3bb81b423d953fdab58dfd177906e2924021a04f3904fbfbab5fe4b627cde0edb700a2444fb239b8f456fa5259b29149f2b2fbf89b60ccf9bcb298f48ccc76553ede0e52199723947c662ad9cb4c57d23121d4185402623213396a39eab8e879e4ce80cd6529294b04ddf001bca994cc663809ecd7b69c37430de025b23039fc4d14417305000329f952130171482b94eb9f8d4ee8ae79011b17d3c4203c5d72edce8ae55590b8860382af84d73669617918813be08ca739e8ccd2b955bcf8876d25532d33dc50729319835aae07d1f40f247fe56df5bfe2615f3bed7b3bf89c5105415bb7da0cc9f4d898afa2792bff002d6ff9ff001bd7cf1b6b0cde7f10e08fe2de3c7ebbd0c6c13f663fa3014cc0cb84e93cdcd43911911a6511532b72e00b241cd7d913d199a69f66bddb90b1bcdce470124eb1c0f1a0449f2470c1dae643209a0fbd55fc540b97047b6dee63576e4061b73cec919f9bff003555b19811e71cceaefcdf58d535fe5329f00d86c3efcb0d46a09fca93b530a6c91ea9ded3ba74e146616d84322674e141edb392f59f0152491ed883cc3ba8fd9b83f3ad0187ac049cb58cfb33eea8a4306a73666201409a6e9633cfbd072e8cbde69003dec2857659cd491d71c6a6392786debe447b0de29f3a1ae156d73e9e3531c8c4031278feedff001255256c172572f6ef9e61c43b0fee2299c68f489e93f0a5e36c117dcffe573afdb26918b5de2606a4fc2900ca959fcea6b939655ddc0ff0dbc45422e118e80f71f9558b92568a3dc2c0806db01208ce57a285c8d72577136f7481c753de63dd14b5b5e816ebf1ab0dec1a1cf7413970a0f13857884491cc054d838b20b7241ecf957d35865dec3df1cf688ef46af9ccecabc6776db9d6329ea135f426c8c7215b89bc378a693cca647be8df1586c693a67ce68b285b8cfca9fbf6e5edfdc4f023e1478d8b70201794a12447aa0e532380ce67b053d7b6492c9bccbb9b801024e637b20622730788a5b90b6b359f26422cdb1ff888ee61588e3adfef1c291ed78e9a6b57dd97ca4b9864f376d5080a54162673d74d2a10adb024d9b608fb6e7b75a1cd15b6cacdbc2b3a80bafa5f189ebc876d6d9c9ebeab85baacc01387dd00f3ee11154dd996f7d652da05112d9c0920032787e54bfde6eef7a2c20923986833e33f0359f9a9d605467e70e54436590ce3beacbe4fc817dc4ea93dcc00fc546176247eed39c1819734123ae9e4b8fa2aa2c65a465ac02238c1aadf40950e795c4271b6cc120e1ad80638ef5ccaa9b87c0349254d5bc5c93bd75f21c736d3d986272ae1daa84909bcc064485004f66549eab6f08146c8c169e3782e6633035ebeca7b0f6480049cb4201e3cd470b9c07eba29c456e02b9dcd118403f44dd1971cf2fcf513e352f7b18e965115c95225808f44c28039c713fed4c36f7143343dfc1978c8803b7aaa7cbcaf600d8872f25b3204406227a4e59e951b66c98274fd78d4da614ae59f74d3be678eefba9c757682a215b0ac38febe14a4b4419cd8c7bbaaa65141d465d54eaa09903a3f3a4f5115512b78fc302bcc46b19f4d02971d402bbc068788f955d45a53944f5feba2923096f5651272f7ff00b55c7e4a8ac89e0d2364ed8b5630d6f7dc2e6c38939bb701d62b2de526c647bf79ec5d4f34ec58027d2961bcfeb107d72dd59548178e2c63b6bd6ae0320cb3701969c672356be44a4f0b035727c103fb11c00cd706e82338007467342e3ed6e286df57cf31bea0f444eb568c461c3008d267389d238d318ae4e2ba90353c49397bab75a88d3c4df035b16e2d85de67553702b05255cc09830a4c4cce79d47be0ecb3331b8c6493906e2679a8bd9bc97f364efeeb823289cb59e1970a93b5b26d0f67bf3f8d0f53a2d6849ac902b82c3fd773d87e3148bdb3b0ed1eb93d9f3ab4fd011464a0f445296d0fab1d83e550f50b5a0537f6558fa8e7fa7e744d8c05a5d2cb9eff0080356a61cc0f7453897d8703df53e57e87e05ecae261178618f693fe9a2ac619d734c3470993539f4a7ff7ce96b8c7e3e1f21479594b423ec81fa1dc39fd1d467c57ff00d522ee12e2825911073981eede9a9db9b4489f4b9f407c6aa4a9bf259b78e9273e6e7a37b14b4e285fd2070607a87ce6bad75c195cc1e3e82c74662bc96626567b32ebcbabdf41636d182ca174531e967239c9a3749f0cc5c1a0a0ee47019c092bf2d35fd1af580e6779542c4cea729196a06935101d954332344fd63df069498b0034071300c41eea55222da26b11737494552572893c723974e67a28db7b4340c8483a64ad13320b13a10070f678556462c933e99c8082077f5f4d3a98824648e46b04803281cdd150f45c96437121892a4b6e805672ca32d63a29a0638659466047567c7e148b0f9025181e691f2a3acbdb51e9a3911a8603bc1533d95a28be0ab44563ef6437080dc635ed9a0f0f8e1ed899fd69563c3b58764528412409de3c4ea054e6d3e4eda4c31bcac7d70bba60ebc6604f5556dea8137d32a6318c00dcd0c820409072822728f8576c631c00a50919685464321c4cf3f6d3d7304c2775c74643e54328611370f503f2a8718b13411e719b5531cd1f214af3aff68765455f39cabb1eb24d36d6c9cc0279c1fce9ed427449ddb81b27008e6240e8a6f0f8bb766427a33a80d33d27a6834c39e03be92367ce669a8a42cf4592edc2be90563d00026b8b8c9d415e6263e74ca629240f688d3a8c1d29e796c8475e55c4f4d3e4cb6a6c26ce2c7d60dc4449ea93487c70047a0cd3f544d35b8cba9811fa9e8ce9c4b8ba4e67865fec2a1e94506d4869b693827f76e070319d389b449d54f090723facebc98804913baa39e06bacf8522ee3d17d63020c69dc4f3f452f1c1e2836a0bb78952048827a29d239849e6907dfefa857c65b1003098198cff2c8659d2ac6d11a6f8d7ea16075d32f78347865d20a6892b87a3f5cf3426f41f449cf86bc79b9b2a7c3d9dd0ccf23500133dcba77d34877c828375663a4fcaba61a14b26f18a09b36f28592dce4e59feb4a52a14de8967688813db0340288b2a490891bc7b00e324f0a99c1ec6541bce7798ea677a7e5d55aa46cbe88dd9f84dd5de7cd8e7397ba68a7b8470c8748f854ab5c45f455247391f1228561d5dc453b3484681431e6cbac1a4913c3f5d3145171ce239a3e629480718eacfe141a00aa73a9ebcfc2296b6cf0551d9462dc5f688ee1f9d21af24e441eaff6a5416302d36840ebaf2d824683e7eea7be90bc6278521b1abcc09e9ce95586e4bb19643c167dfa0e35df344ea02e9c7a29c5c7289cbc0520ed31a40eaa6a22738a3bf465391fcba62699bbb191f5cbaa2bad8f2782d2531a7411d94f689ca2c0df60b09dc76ea30dd53cd5158ed8f7c2eeee6f6998cbab23563fa63fe89a49c439cc853d7428994aba29f7acb04dc28c1870209e88e9a2d2deeafa9032311efab30dff00b03bb4eca66f5b2dc514c40217e51df55b4cdb2a58ebee7d452738c854379dc44fa3be3b0c56847002002d908d739e8246a3aebd6b67a924ef6ee9c489e82788cead60871b28eef8a703d1611cc02d3aa97c8f4bdf273e1df5726c2859f48760a659278ce5cd45b16d2ad84c13cab9732a41ddcb81196556ac6ed76bb8738736cacbab6f079883319f3c522d22afb200e6103e14a68d648f7fc450ec692443bece2da972239e29db7b254711eea31ef4709ecae7d20715cfb696d1e0606ce4e79a717028384f6579b15d047eba692d8b0784d3da16870e1d07b02ba2d0e61d943bddc8e4418efd321fae35e6776f54691a67911333342434c0ad6058349dc04e7e93aafbb7b2ce696e7eb3ae5cc7e551c6e019d748761e82181a99513efacb6af41fe570685c8ac1d9bb658bdb4b8c1a016de3a01944c11d9c6a2fca0ad9b2d65bcd2a1657108bb8085ddf5b38f688e9a91f27f702e19fefe750dcbfba979ecc9601039c809325471eaf7d7438c230e0c9e3254db6c20102d9cbeb3123aa0014da6d861eadbb7fd229c6d8e49946f45a2010273d3a2bcfb220c1688d46bde440eea88ece82db187dab78e61d57b33ef19fbe860f71dc2872c5b2279a7582470a9bfd92b00155319c891dfcf52186c22ae8a0cea1802279c71f0d38d16ba0a7d8cdac3a25a559de650249d678f5f6d1761cbe9e88fac60708c870a55b6006e8d350208f031a1ae8046bfaf1a5c9a20bc3625adc85ddccea44fbe68b7db578fb6ba6bbaa7c6a312cc67909249ebf9f4d39e6b9fe74522ad851da2ec7d279ea55fd0a22ce2071627ac9a05107353ca0735269149b0c5c52731239c9267ba9d4c588816c1edf81a096959521d85fd227fe9acf4b08f1a6dd49ff000d7bcf853682bc0eb48624e163539f301f3af0c309d4f7d3915dde3c49a006be8abd3df4a18751ecfc6962bd340ce6e0e00775762bb9f3d249a00f18aec5708a44534c961696163d6f70a7570a3286cfa2800c79ebde79b81aa44b245ec96cce7ce0e54c5cc20e0147496f870a4dab8cdc73aeef67991eff009534c93c30434de5fd73489349b9b3da6095ef027c29fb64c188fd7fb53c6c9224b4c7eb539fba80226f6158711fda7de24d0ad622a5e069239b314d912216081cc23c45014467d05ce801fe61e1395357302ff572ed152874cfb3fde95be60640e9ac67cde1c68b0a211f0846a867f5d349548f64835378a22330475c1ee8d280c4222a9666d3a09e89f7d160d223e224f74cc70e68834dd967032dce91323ac6544ddb68da3375fe4699f38464a67a6070e8cb9e9a12e4ffd9, '12');
INSERT INTO `student` (`sname`, `mobile`, `sid`, `clgcode`, `grad_marks`, `gender`, `email`, `pass`, `Username`, `image`, `experiance`) VALUES
('dipali pawar', '9370459867', 17, '0010', '45', 'female', 'd@gmail.com', 'qwertyuiopedfvbnpojhgf7c3bc1d808e04732adf679965ccc34ca7ae3441ghjklcvbnm', 'dipali', 0xffd8ffe000104a46494600010100000100010000ffdb0084000a0708161615181616161918181a1c1a1c1c1a1c1a1c1a241e2321211c1a1a1c1a1c1e212e251c212b211a1c2638262b2f313535351a243b403b343f2e343531010c0c0c100f101f12121f342b212c3434343434343434343434343434343434343434343434343434343434343434343434343434343434343434343434343434ffc0001108009f013e03012200021101031101ffc4001c0000010501010100000000000000000000040203050607010008ffc4004810000201020303070807060406030100000102110003042131051241065161718191b10713223242a1c1d114526272b2e1f01523338292a253c2d2f12434435463733544e217ffc400190100030101010000000000000000000000000102030405ffc4002411000202010402020301000000000000000001021121031231411351046123327122ffda000c03010002110311003f00d52ddc9d0fc69caf986c62ee2194775fbac4781a93c3f2b31a9eae26ef6b96fc535a6e1d9f468aeeed60b87f28db4135baae399ada1f7800d58361f94bc55dbb6edb5bb477dd10b00e0fa4c16637a38d24c2cd7372b84521dca8248c8027baa9185f2a78278de1753ad037bd4d1c0cbdad762ab586e5decf7d3128bd0e193c4454b61b6ce19fd4c45a7fbb710fc68024020a49b427414a533a57695b01bf371ce3b4d3189c62595dfbb70220804b40009d33a32aa5e529c8c039fb56ff0010a028b2e1769d9b9fc3bd6dfeebab781a36be6637cf100f74fbe8cc3edbc45bf52e5d4fbb71c0fe9060d224fa32bd585e1b97f8d4cbe91bfd0e88def0a0fbea670de546f81e9dbb2ff74b5bf12de148746b74866acfb09e54acb7af87b89d2ac8e3de54fbaa5ac72f302f979d287eda3aff00746efbea920a2c4ef43b3d05676e61ae7a97ed3f42dc527ba69f67ada28679ee50ef72b971e8667ceba23110fdb058d4a61ed7d6a8fc3dc51a65441c4f4d6735278408912c0534ef417d22690f88a85a6c614cf43dcb943362a986c556b1d326c299e85bb7e2867c574d0f771335a28d12d85be26866c550772f4d32cf542612f7a6b81e86deae834005ab4d4ad841039ea1ec3467c68d4c4503b248bd21aed082fd71f1153431772fd326fd30f7669bab8893c98e1c3e6279e947083780cc6478d3bb4d8aa8232cfe06a3c631c19cbbabcc2829b0437a013a4f0e9a9ae42e177b149f66e5bfc42a2b6723ddde237411038e7af355a3c9dd83f4893a8baa3b8834d2ca046d78af51feeb781af97d706fa05d32c88afa8316611cfd86f035f3a5abd99956ccfd5278747552a1b220d96faa7ba9b8e352e2fa85209dd327591c6936ad05dd62607e4695080b0f8eba9ea5c74fbaec3c0d4ae1f9658f4f571577f99b7ff14d285a46732148dde61cf517b4ecaa9c80199d3b286a80d07921cb7c7dec4e1ed5c7474760ac771418827511cdefab9794f70b817274dfb63b7784550390185fdf615f8ef0f0357df2ab3fb3de3ebdafc628e8a58314661f5b5fbdf98af2a16ca541e0657b8e86879cff005ef935ef3bfa1486a9721ad69bd956394920123bc4e94c17e194f67e515a8f9195f42f1fb713fcab59bed6bc45fbb049fde5ccb38f5dbb286a8786f230cbe883d9c7f3a497fb47dd4d3df63ac11c263e1facabc1c6a57b891f3a560d26f03c1cc680f58eaf9d3b671ee9ea3327dc729e0450cd88522208ce491064e9a654911f5b2e620fc28b138fa64e61f9518a4d2fb91f682bfbd813efa90b7cb9be3d6dc7eb420f78603dd55662200520993c40e02067dbeea770d82bb701dc4778d77159c0ebdd98ebad23a925c307165df0dcbc3a3d91fcb73e057e35216b97363da1713ad437e124fbab32c47a312b9c09ca20d7acc9cd660f11f1ab5af25d89c69d1af58e5461db4ba07de053f10144ae3d5f357561d0c0f8552366ec2de50cd743269290d9c02416232d748ca6a62d6ceb36d94aa02c27d26f48f589c8765744272965a44c95609a7c474d20dea0c968de83ba7298cbaa6bc818e809ea135b59391f6bb4db5ca2ad6cabad12bba3a4fc053ffb10f169ea1f1a896a450f6b645efd74355aacf25edb229de70c544c1113c72229ab9c923ecdcef5f88350b5a22a657569d1528fc9bbc34dd6ea6f9814d36c9babaa37609f0aa5a917d853045a72bad688d411d608af15ab109de35cce9c5434bdc1c680108b4f2815c2839e92580a6b91a276fec1c338f4f0f69baeda1f8500fc87d9edff00d5b63ee82bf848ab12d2a6b8197d959c3f2130693b88c93ac5c73f8898eca73657236c61dcbdb6704b87866044f74f0ab2835e9a56c04626d6fa3a4c6f2b2ceb12089f7d6749e4e2e21056fa343139a32ea08e04f3d69335ea4b00637b67c99e35e371acb41273765d7ad22b97b9098d5007990e0468e87c48ad99452a290e91853723f121e5b08fbb968a08d73f57a2a1b6f6c2ba8d958ba049cc5b78e1d1957d1d15e028b0a326e42e1cab6165483964441d0f03568f2a9ffc7dcfbd6ff18ab895e81555f295619f67dd0aa58cdb30a093fc4498004e927b286ec0c09bb7be909ac6746ddc05c51e925c5e3e92301ef514338e7207f4fce9508d67c8b7f0ef7df3f852b2edadfc7bdffb6e71fb6d5a97918fe1dece7d3ff2a565fb62d9fa45effdb739febb50c6c8e626b83b68ab3872edbaaa49240119c939081acd4a61393979a77d45b1312cda4e6040cc9cf4f989126f8020e4f3d38118c08927200093d835ab96179328374bef383cca5547df20e59907583cf45bb61ec8215eda2c68092f273f4b773227ae2ad693e5859427b2ea402b1201139647435ad79195fdd5d3ceedf86dd6658b7f38ece148de390e8d04f4e55a9792058b7701fac7f0a7caa02ccc5d21db5f59b39e934f61892359d78749a2ef6186fbfa24fa4daf59a330d61a200551d54a8b4d929b12f5db68a10c4bb97b6c201042056060c1c88eeab7e0304b7159cc02a400b008cf5f0aa8e17084faccc7b63c2ae9b11d2d61dcb10a800cfb4fceb48aa455d8b4b208552161741032a3ad281a557ae7296c2e859ba97e26287b9cafe096ff00a9be007c6ab7202dfc2bad5474e535f77404aa82ca3d15e0489d66ae4bfc57ccfa96f29cb57d0703d3d02852b25a266c3aaa292c0080332076674406074cea8de53adef6cc23eddbfc5588dac65c4f52edc483ecbb2f81ac999be4faa6b86be7cd9db731fe6b79317746ec9cdb7e75faf3cd5a2d9e50e213639c5ef0b9780432ea20cb202085dde0c69017c6407513435cc0db6d517b87c2b24b1e57f103d7c35b6fbace9e3bd5336bcad5b80d730d7003c51d580ebdedda69b405e9f63db3a023a8fce81bbb03395723ac4f8457711caac3dbc35bc4dd2d6eddc215654b104c9008598c94d3786e59e02e7ab8ab73cccdb9f880ad16ac97614862f6c4ba342adde281b9b32f0f609ea20d5af0f8db773d4b88ff0075d5bc0d10cb571d7920a566256fcafe246b87b27a8bafc4d176bcb1bfb5844fe5b87e295966e3737bebc51870f7d61b988d7adf96448f4f08e0fd9b8a7c54549e1bcaae1d9778e1ef8e11e837f9ab0be31572e48e0f7ed99139fce9a6d8cd33ff00ea58200174bc80f3a29f72b134f59f29fb39bfeabafdeb4fe2148ac9f96384dc090389d2aabbd49da0b3e90b5e50766b7ff6907de0cbef2b145dae59601bd5c658feb51e35f335737e8b0b3ea8b7b770cdeae26c99d22e27ce8c4c4a1d1d0f5303f1af93241a2f66e00dcb8aab0b24098d3b2859748567d5a0d44f295a2c375af8d64db236135c403798004acab15f572e06a77cd6e0281de14c66ecda75935d3f1b45ca77eb263f226a30fee071ae36ee4c465c247c699b975f773691cc673cf4ce9904eee4dc3a3e549becfba4483a78d7aee31ae0f3a2e49d2659791f896379946eaaee9621428932a24c013ad57b6d6cfb02f5eff87b67d2733bb1c4f1041e9a3f91a5fe90c34fddb70fb49cf416db63e7af67ed3d7246117ad2b4aa8ec94a51d34efb136d9546e8b6002720244651909319654cdf40242ef2e5a908f1d45909f7d213131079ba694d8c04e9c2b5f1e935c1979b553e486c4ecfde066edd3d62474c2ca8e1420d8eb302e475db8f06353af7f23973d79889191ac25f1b4dbc16be44fb21576199c9d0f5971fe5abef93809677d19d778924012644289d3a2aba7704c9ef079aa43938c05f4c88c9b87d93513f8918ab4cd74f5dc9d344262f0c56e3ef42fa4dab28e27a6a2f6bdeba857cdcee91aaaef01fcc268ae56bfef9fef3fe23556c791be7b2b93520a384742d46fa347d8218d9b6cd258a2933acc6735378d07e8777eeff009b3ac4cdd234623a89a97d838db85994dc72a57352ec41cc7098a852c516a44c06ce9f434228a7ed1cea0b2430a7d34cbdb5f115a527f11feea78bd67381c15c675608e46f29f51a35d662b454421cb702aa3b8b7ceae2303e5dd92db3f7409f4adf09f6ab03c4ac3dc1204371eb2057d4b81f5076f89ae8b6ac012aa647100d498b316e4ae137b04edf618fe3f955a2cdaded86ca7eaa78a55f3f66d9dd2a2d205208202a8041d4401d27be92db2ecf9a3677145b223707a2387369a0a2d059f30629219c733478d5ac6001c033c7b2867af73e75a8627c9aecf72c771d4b193bb71f5ed2629f6e4458fa3b61d5ae2a1004ca961111aac70a1508a872c96762e1ba1ed9fed7acdf63e1b7ef6e708f881f1addf6d72445fc126116e940a54872bbda023350473f3d55f65f92fb962f79c188465888dc287553ce470a0647f934c00b5b42eac0c8003b431aa3e336a626d5c70988bc837dc42dc703263946f655b36c6e4bddb38e7c4129b8ca064cd32011982b1c79ea83ca0f27b8e6bd71edda0cad72eb0f4d064cdbc3224450c0a038cbd9ef35ebaac2240d79ff002a69ad57b70ccfc69086f77d235a5793fc3036093ce7c5ab3a54ceb5df26b86270d20713f1ad34d5c8115df280bb9e6b299df3c3a3e754667f44e46b43f2a0855ec88e0fe2b59f3a12b114a5fb30635bb5d9001cbddd3440b74cba3f015000f6fd61d7564e4f435d93f5c6bd439ea0ad5870c0ee9d6ac1b0148b92647a60f640a71e57f44f866bbc8cc28387531ed3f8d41e34af9db8247aeff88d5ab9116cfd1524e7bcdc238d52769dd1e7ee8cbf88ff0088d777c6954999fc857147481bb973739aeee82343c38fe74079d11c34a74bf570e6aec533936964e4b802f12baee36b278ad476da55376e13aef34e945f24dc79d688f50fe25a8cdb0e3cf5dcf3df7e3d26b24ff237f46d28fe25fd183697283e15c6b307514d5e306398f3d37e733fceaf7232da3a5323db5cb93969afc0d35bf91d78f1a4bb9e07de3e552e4351472e0264d4b727ef937d3a9b4fba6a20b37ea2a4b93973f7e93ccdc3ec9a9949d3348456e441f294cdf79facde26abf89b6a4924c7755a36ca837ae4807d36d4749aabd9b6a6f99008dd39100f3572ea46dafb3552e7e812ed948620cc757c288d803d33f77e229edab6d554eea85cb808e34cf277f887eefc45734a3b65469077927104b0eb1570e5372a5702ca82c6fef2ef48608066441f4493a553d751d62a4fca55b9643f607e23f3a49b48ddf03373ca95d3ea58b63ef3b37b805abc72a31789c3da7b96ca1088ec4327d5048f6ba2b07bb91038e55f43f28137b018c319fd1ef11fd0f4d3be484db4ccbec7953da08201b04731b672ee715247cac62edb6e79ab0c005f65c1cd41d43c71e6acdd135ea14eed012f31eca1fec4f9d220d930be51710c9bff0047b6de886203b2c089d4833405af2ce3dac19fe5ba0fb8a0f1a57233001ed383c6d2f81158fa0959e81e029514d1b5daf2c9873eb61af8ea36dbc5854c3f94ac2aaef35bbe0449f410c75c3d7cf76f5ad3c6ce0f81c53466b6a47f4b1f8509589173b7e553669d6e5c5ebb373e0a68fc2f940d9f70c262278e76ee8f14af9bd8c1ab0725edcb38e843ef34091bb8e5b6cf9838bb4a7999b74f73014fdbe55e01b318cc376de41e2d58172f307e671ae832056db778fcaa01453e061cd6a922dd0a76931e03f5d95cfda4df5477d21062a56cde4d6dc6117ae6b10b5b433f4972e8addfc9cbce0908d0c1cfeea9ad34f9634557cac2fef6c8fb0de22a806de5575f2c38b2988b20099b6c7fb8567dfb51bea8effcaa65fb0839529c4b751c9b51a7d404f349a3aee31847a224e80499edfcaa1ba00ab76e8cc3234ca0de6e0a2333c06795435ada170c45b127ed767354b6cddaa88c0dd8460660076ead162a93c8d51b772347fc2afde6f1accb6adbbff48bc459720dcb84102722ed075ad4b9223fe153adbf111543c672930ab7ae2b5e5055dc10430cc330234e8adb4e5b5b14a2a58640adbbe06765f41ec37ca9d45bdfe0dde1ff004dbe5528795183ff00b84feef953ebcacc17fdc27f77cab6f2fd91e18fb1ee4a338bcdbc8ea3735652a24b2e40b402723954563fce35fbc0d9b91befbadb84861391078d4c61794d856062fa1cce9bdce63857872b305247d252470f4be546fcdd9a78e3b546c807c25d6de8b4f2a24028fe9708521609cf49e1402d8c4839e19e3a2dbe9fd35721cadc1683129dcdfe9ae3f2cb031ff30bd8ae7fcb4b7fd93e187b2ae985ba41fdc5d1d76dbe55e7c15dcbf757351ec375f35590f2e70032378f65bba7c129b3cbcc0401e7ce9fe15dff004557957b42f0c7d95d6c35c98f36ff00d0df2a90e4fdb717d0b238003665187b246a451ebcbac071bcdc7fe95dff00452ac72d304e616e92733fc3b9fe8e9a4f557b438e9453bb2b3b7ad5c6bae111c6f3901b758012752d190e9aade2f05743c8b6e7a77188f70ceb431cb3c113bbe78cc91fc3b9aff453188e596104a9b8d235f42e7fa6b3934f363504bb28788576569461190f45b3ef15ee4fda6170ca91e89cc82388e356dbdcaec29393b7f43ffa6984e525869dd663124fa0da768aca54ddd949240c96198c2827a84c54e72e6d876b60e60a7c72ce80d99cb9c35a762c1d8111e8a719e923a6a3f94dcb1b37991eda398104380bc49e04d45522f72222eecd42660c8e93d95b8e3167058a1cf62e7e06ac15f6f082421d3eb7e55bf44e13123ff0bfe06a170c9b558302fa201e15dc4608161afaa9ee45f9537fb5d4c92841e027c79a9dc46d500afa073443af3a8e8a44e0d7b9016e2df5d91f0ac5ede0b75626b6cf27afbd69580f5ac031fd39562cdb4d7ea191c27be9be06c4a6060ccce46b5ac0599c063073e1cfe07ac97f6b0fa87bff002ad8b631dec162606b86263f918d11e4118d3e0a4933af4558b92586877fbaa3b89a806da89c10c7581563e45e283bdc014885075e93f2a425c857955c24e3c30cbf736ffcd5505c2e51c79eaebe56714131a837666c5b3ac7171f0aa526d4fb1fddf9512e4402c81588303867d1ad24eec1cc5591ca6f4872c0880a78368627afc281c761250b2fa464c8cb7b239981a8e9ace3a898ac8a5b55bdf93c3bb81b423d953fdab58dfd177906e2924021a04f3904fbfbab5fe4b627cde0edb700a2444fb239b8f456fa5259b29149f2b2fbf89b60ccf9bcb298f48ccc76553ede0e52199723947c662ad9cb4c57d23121d4185402623213396a39eab8e879e4ce80cd6529294b04ddf001bca994cc663809ecd7b69c37430de025b23039fc4d14417305000329f952130171482b94eb9f8d4ee8ae79011b17d3c4203c5d72edce8ae55590b8860382af84d73669617918813be08ca739e8ccd2b955bcf8876d25532d33dc50729319835aae07d1f40f247fe56df5bfe2615f3bed7b3bf89c5105415bb7da0cc9f4d898afa2792bff002d6ff9ff001bd7cf1b6b0cde7f10e08fe2de3c7ebbd0c6c13f663fa3014cc0cb84e93cdcd43911911a6511532b72e00b241cd7d913d199a69f66bddb90b1bcdce470124eb1c0f1a0449f2470c1dae643209a0fbd55fc540b97047b6dee63576e4061b73cec919f9bff003555b19811e71cceaefcdf58d535fe5329f00d86c3efcb0d46a09fca93b530a6c91ea9ded3ba74e146616d84322674e141edb392f59f0152491ed883cc3ba8fd9b83f3ad0187ac049cb58cfb33eea8a4306a73666201409a6e9633cfbd072e8cbde69003dec2857659cd491d71c6a6392786debe447b0de29f3a1ae156d73e9e3531c8c4031278feedff001255256c172572f6ef9e61c43b0fee2299c68f489e93f0a5e36c117dcffe573afdb26918b5de2606a4fc2900ca959fcea6b939655ddc0ff0dbc45422e118e80f71f9558b92568a3dc2c0806db01208ce57a285c8d72577136f7481c753de63dd14b5b5e816ebf1ab0dec1a1cf7413970a0f13857884491cc054d838b20b7241ecf957d35865dec3df1cf688ef46af9ccecabc6776db9d6329ea135f426c8c7215b89bc378a693cca647be8df1586c693a67ce68b285b8cfca9fbf6e5edfdc4f023e1478d8b70201794a12447aa0e532380ce67b053d7b6492c9bccbb9b801024e637b20622730788a5b90b6b359f26422cdb1ff888ee61588e3adfef1c291ed78e9a6b57dd97ca4b9864f376d5080a54162673d74d2a10adb024d9b608fb6e7b75a1cd15b6cacdbc2b3a80bafa5f189ebc876d6d9c9ebeab85baacc01387dd00f3ee11154dd996f7d652da05112d9c0920032787e54bfde6eef7a2c20923986833e33f0359f9a9d605467e70e54436590ce3beacbe4fc817dc4ea93dcc00fc546176247eed39c1819734123ae9e4b8fa2aa2c65a465ac02238c1aadf40950e795c4271b6cc120e1ad80638ef5ccaa9b87c0349254d5bc5c93bd75f21c736d3d986272ae1daa84909bcc064485004f66549eab6f08146c8c169e3782e6633035ebeca7b0f6480049cb4201e3cd470b9c07eba29c456e02b9dcd118403f44dd1971cf2fcf513e352f7b18e965115c95225808f44c28039c713fed4c36f7143343dfc1978c8803b7aaa7cbcaf600d8872f25b3204406227a4e59e951b66c98274fd78d4da614ae59f74d3be678eefba9c757682a215b0ac38febe14a4b4419cd8c7bbaaa65141d465d54eaa09903a3f3a4f5115512b78fc302bcc46b19f4d02971d402bbc068788f955d45a53944f5feba2923096f5651272f7ff00b55c7e4a8ac89e0d2364ed8b5630d6f7dc2e6c38939bb701d62b2de526c647bf79ec5d4f34ec58027d2961bcfeb107d72dd59548178e2c63b6bd6ae0320cb3701969c672356be44a4f0b035727c103fb11c00cd706e82338007467342e3ed6e286df57cf31bea0f444eb568c461c3008d267389d238d318ae4e2ba90353c49397bab75a88d3c4df035b16e2d85de67553702b05255cc09830a4c4cce79d47be0ecb3331b8c6493906e2679a8bd9bc97f364efeeb823289cb59e1970a93b5b26d0f67bf3f8d0f53a2d6849ac902b82c3fd773d87e3148bdb3b0ed1eb93d9f3ab4fd011464a0f445296d0fab1d83e550f50b5a0537f6558fa8e7fa7e744d8c05a5d2cb9eff0080356a61cc0f7453897d8703df53e57e87e05ecae261178618f693fe9a2ac619d734c3470993539f4a7ff7ce96b8c7e3e1f21479594b423ec81fa1dc39fd1d467c57ff00d522ee12e2825911073981eede9a9db9b4489f4b9f407c6aa4a9bf259b78e9273e6e7a37b14b4e285fd2070607a87ce6bad75c195cc1e3e82c74662bc96626567b32ebcbabdf41636d182ca174531e967239c9a3749f0cc5c1a0a0ee47019c092bf2d35fd1af580e6779542c4cea729196a06935101d954332344fd63df069498b0034071300c41eea55222da26b11737494552572893c723974e67a28db7b4340c8483a64ad13320b13a10070f678556462c933e99c8082077f5f4d3a98824648e46b04803281cdd150f45c96437121892a4b6e805672ca32d63a29a0638659466047567c7e148b0f9025181e691f2a3acbdb51e9a3911a8603bc1533d95a28be0ab44563ef6437080dc635ed9a0f0f8e1ed899fd69563c3b58764528412409de3c4ea054e6d3e4eda4c31bcac7d70bba60ebc6604f5556dea8137d32a6318c00dcd0c820409072822728f8576c631c00a50919685464321c4cf3f6d3d7304c2775c74643e54328611370f503f2a8718b13411e719b5531cd1f214af3aff68765455f39cabb1eb24d36d6c9cc0279c1fce9ed427449ddb81b27008e6240e8a6f0f8bb766427a33a80d33d27a6834c39e03be92367ce669a8a42cf4592edc2be90563d00026b8b8c9d415e6263e74ca629240f688d3a8c1d29e796c8475e55c4f4d3e4cb6a6c26ce2c7d60dc4449ea93487c70047a0cd3f544d35b8cba9811fa9e8ce9c4b8ba4e67865fec2a1e94506d4869b693827f76e070319d389b449d54f090723facebc98804913baa39e06bacf8522ee3d17d63020c69dc4f3f452f1c1e2836a0bb78952048827a29d239849e6907dfefa857c65b1003098198cff2c8659d2ac6d11a6f8d7ea16075d32f78347865d20a6892b87a3f5cf3426f41f449cf86bc79b9b2a7c3d9dd0ccf23500133dcba77d34877c828375663a4fcaba61a14b26f18a09b36f28592dce4e59feb4a52a14de8967688813db0340288b2a490891bc7b00e324f0a99c1ec6541bce7798ea677a7e5d55aa46cbe88dd9f84dd5de7cd8e7397ba68a7b8470c8748f854ab5c45f455247391f1228561d5dc453b3484681431e6cbac1a4913c3f5d3145171ce239a3e629480718eacfe141a00aa73a9ebcfc2296b6cf0551d9462dc5f688ee1f9d21af24e441eaff6a5416302d36840ebaf2d824683e7eea7be90bc6278521b1abcc09e9ce95586e4bb19643c167dfa0e35df344ea02e9c7a29c5c7289cbc0520ed31a40eaa6a22738a3bf465391fcba62699bbb191f5cbaa2bad8f2782d2531a7411d94f689ca2c0df60b09dc76ea30dd53cd5158ed8f7c2eeee6f6998cbab23563fa63fe89a49c439cc853d7428994aba29f7acb04dc28c1870209e88e9a2d2deeafa9032311efab30dff00b03bb4eca66f5b2dc514c40217e51df55b4cdb2a58ebee7d452738c854379dc44fa3be3b0c56847002002d908d739e8246a3aebd6b67a924ef6ee9c489e82788cead60871b28eef8a703d1611cc02d3aa97c8f4bdf273e1df5726c2859f48760a659278ce5cd45b16d2ad84c13cab9732a41ddcb81196556ac6ed76bb8738736cacbab6f079883319f3c522d22afb200e6103e14a68d648f7fc450ec692443bece2da972239e29db7b254711eea31ef4709ecae7d20715cfb696d1e0606ce4e79a717028384f6579b15d047eba692d8b0784d3da16870e1d07b02ba2d0e61d943bddc8e4418efd321fae35e6776f54691a67911333342434c0ad6058349dc04e7e93aafbb7b2ce696e7eb3ae5cc7e551c6e019d748761e82181a99513efacb6af41fe570685c8ac1d9bb658bdb4b8c1a016de3a01944c11d9c6a2fca0ad9b2d65bcd2a1657108bb8085ddf5b38f688e9a91f27f702e19fefe750dcbfba979ecc9601039c809325471eaf7d7438c230e0c9e3254db6c20102d9cbeb3123aa0014da6d861eadbb7fd229c6d8e49946f45a2010273d3a2bcfb220c1688d46bde440eea88ece82db187dab78e61d57b33ef19fbe860f71dc2872c5b2279a7582470a9bfd92b00155319c891dfcf52186c22ae8a0cea1802279c71f0d38d16ba0a7d8cdac3a25a559de650249d678f5f6d1761cbe9e88fac60708c870a55b6006e8d350208f031a1ae8046bfaf1a5c9a20bc3625adc85ddccea44fbe68b7db578fb6ba6bbaa7c6a312cc67909249ebf9f4d39e6b9fe74522ad851da2ec7d279ea55fd0a22ce2071627ac9a05107353ca0735269149b0c5c52731239c9267ba9d4c588816c1edf81a096959521d85fd227fe9acf4b08f1a6dd49ff000d7bcf853682bc0eb48624e163539f301f3af0c309d4f7d3915dde3c49a006be8abd3df4a18751ecfc6962bd340ce6e0e00775762bb9f3d249a00f18aec5708a44534c961696163d6f70a7570a3286cfa2800c79ebde79b81aa44b245ec96cce7ce0e54c5cc20e0147496f870a4dab8cdc73aeef67991eff009534c93c30434de5fd73489349b9b3da6095ef027c29fb64c188fd7fb53c6c9224b4c7eb539fba80226f6158711fda7de24d0ad622a5e069239b314d912216081cc23c45014467d05ce801fe61e1395357302ff572ed152874cfb3fde95be60640e9ac67cde1c68b0a211f0846a867f5d349548f64835378a22330475c1ee8d280c4222a9666d3a09e89f7d160d223e224f74cc70e68834dd967032dce91323ac6544ddb68da3375fe4699f38464a67a6070e8cb9e9a12e4ffd9, '12'),
('admin', '9370459867', 18, '0010', '45', 'male', '123@gmail.com', 'qwertyuiopedfvbnpojhg7c222fb2927d828af22f592134e8932480637c0dghjklcvbnm', 'a', 0x30, '0'),
('atish', '9370459867', 19, '0010', '45', 'male', 'atishjadhavaj14@gmai', 'qwertyuiopedfvbnpojhgaed4b959a05cfa7040033fd76ec798a619d6e4adghjklcvbnm', 'atish', 0xffd8ffe000104a46494600010100000100010000ffdb0084000a0708161615181616161918181a1c1a1c1c1a1c1a1c1a241e2321211c1a1a1c1a1c1e212e251c212b211a1c2638262b2f313535351a243b403b343f2e343531010c0c0c100f101f12121f342b212c3434343434343434343434343434343434343434343434343434343434343434343434343434343434343434343434343434ffc0001108009f013e03012200021101031101ffc4001c0000010501010100000000000000000000040203050607010008ffc4004810000201020303070807060406030100000102110003042131051241065161718191b10713223242a1c1d114526272b2e1f01523338292a253c2d2f12434435463733544e217ffc400190100030101010000000000000000000000000102030405ffc4002411000202010402020301000000000000000001021121031231411351046123327122ffda000c03010002110311003f00d52ddc9d0fc69caf986c62ee2194775fbac4781a93c3f2b31a9eae26ef6b96fc535a6e1d9f468aeeed60b87f28db4135baae399ada1f7800d58361f94bc55dbb6edb5bb477dd10b00e0fa4c16637a38d24c2cd7372b84521dca8248c8027baa9185f2a78278de1753ad037bd4d1c0cbdad762ab586e5decf7d3128bd0e193c4454b61b6ce19fd4c45a7fbb710fc68024020a49b427414a533a57695b01bf371ce3b4d3189c62595dfbb70220804b40009d33a32aa5e529c8c039fb56ff0010a028b2e1769d9b9fc3bd6dfeebab781a36be6637cf100f74fbe8cc3edbc45bf52e5d4fbb71c0fe9060d224fa32bd585e1b97f8d4cbe91bfd0e88def0a0fbea670de546f81e9dbb2ff74b5bf12de148746b74866acfb09e54acb7af87b89d2ac8e3de54fbaa5ac72f302f979d287eda3aff00746efbea920a2c4ef43b3d05676e61ae7a97ed3f42dc527ba69f67ada28679ee50ef72b971e8667ceba23110fdb058d4a61ed7d6a8fc3dc51a65441c4f4d6735278408912c0534ef417d22690f88a85a6c614cf43dcb943362a986c556b1d326c299e85bb7e2867c574d0f771335a28d12d85be26866c550772f4d32cf542612f7a6b81e86deae834005ab4d4ad841039ea1ec3467c68d4c4503b248bd21aed082fd71f1153431772fd326fd30f7669bab8893c98e1c3e6279e947083780cc6478d3bb4d8aa8232cfe06a3c631c19cbbabcc2829b0437a013a4f0e9a9ae42e177b149f66e5bfc42a2b6723ddde237411038e7af355a3c9dd83f4893a8baa3b8834d2ca046d78af51feeb781af97d706fa05d32c88afa8316611cfd86f035f3a5abd99956ccfd5278747552a1b220d96faa7ba9b8e352e2fa85209dd327591c6936ad05dd62607e4695080b0f8eba9ea5c74fbaec3c0d4ae1f9658f4f571577f99b7ff14d285a46732148dde61cf517b4ecaa9c80199d3b286a80d07921cb7c7dec4e1ed5c7474760ac771418827511cdefab9794f70b817274dfb63b7784550390185fdf615f8ef0f0357df2ab3fb3de3ebdafc628e8a58314661f5b5fbdf98af2a16ca541e0657b8e86879cff005ef935ef3bfa1486a9721ad69bd956394920123bc4e94c17e194f67e515a8f9195f42f1fb713fcab59bed6bc45fbb049fde5ccb38f5dbb286a8786f230cbe883d9c7f3a497fb47dd4d3df63ac11c263e1facabc1c6a57b891f3a560d26f03c1cc680f58eaf9d3b671ee9ea3327dc729e0450cd88522208ce491064e9a654911f5b2e620fc28b138fa64e61f9518a4d2fb91f682bfbd813efa90b7cb9be3d6dc7eb420f78603dd55662200520993c40e02067dbeea770d82bb701dc4778d77159c0ebdd98ebad23a925c307165df0dcbc3a3d91fcb73e057e35216b97363da1713ad437e124fbab32c47a312b9c09ca20d7acc9cd660f11f1ab5af25d89c69d1af58e5461db4ba07de053f10144ae3d5f357561d0c0f8552366ec2de50cd743269290d9c02416232d748ca6a62d6ceb36d94aa02c27d26f48f589c8765744272965a44c95609a7c474d20dea0c968de83ba7298cbaa6bc818e809ea135b59391f6bb4db5ca2ad6cabad12bba3a4fc053ffb10f169ea1f1a896a450f6b645efd74355aacf25edb229de70c544c1113c72229ab9c923ecdcef5f88350b5a22a657569d1528fc9bbc34dd6ea6f9814d36c9babaa37609f0aa5a917d853045a72bad688d411d608af15ab109de35cce9c5434bdc1c680108b4f2815c2839e92580a6b91a276fec1c338f4f0f69baeda1f8500fc87d9edff00d5b63ee82bf848ab12d2a6b8197d959c3f2130693b88c93ac5c73f8898eca73657236c61dcbdb6704b87866044f74f0ab2835e9a56c04626d6fa3a4c6f2b2ceb12089f7d6749e4e2e21056fa343139a32ea08e04f3d69335ea4b00637b67c99e35e371acb41273765d7ad22b97b9098d5007990e0468e87c48ad99452a290e91853723f121e5b08fbb968a08d73f57a2a1b6f6c2ba8d958ba049cc5b78e1d1957d1d15e028b0a326e42e1cab6165483964441d0f03568f2a9ffc7dcfbd6ff18ab895e81555f295619f67dd0aa58cdb30a093fc4498004e927b286ec0c09bb7be909ac6746ddc05c51e925c5e3e92301ef514338e7207f4fce9508d67c8b7f0ef7df3f852b2edadfc7bdffb6e71fb6d5a97918fe1dece7d3ff2a565fb62d9fa45effdb739febb50c6c8e626b83b68ab3872edbaaa49240119c939081acd4a61393979a77d45b1312cda4e6040cc9cf4f989126f8020e4f3d38118c08927200093d835ab96179328374bef383cca5547df20e59907583cf45bb61ec8215eda2c68092f273f4b773227ae2ad693e5859427b2ea402b1201139647435ad79195fdd5d3ceedf86dd6658b7f38ece148de390e8d04f4e55a9792058b7701fac7f0a7caa02ccc5d21db5f59b39e934f61892359d78749a2ef6186fbfa24fa4daf59a330d61a200551d54a8b4d929b12f5db68a10c4bb97b6c201042056060c1c88eeab7e0304b7159cc02a400b008cf5f0aa8e17084faccc7b63c2ae9b11d2d61dcb10a800cfb4fceb48aa455d8b4b208552161741032a3ad281a557ae7296c2e859ba97e26287b9cafe096ff00a9be007c6ab7202dfc2bad5474e535f77404aa82ca3d15e0489d66ae4bfc57ccfa96f29cb57d0703d3d02852b25a266c3aaa292c0080332076674406074cea8de53adef6cc23eddbfc5588dac65c4f52edc483ecbb2f81ac999be4faa6b86be7cd9db731fe6b79317746ec9cdb7e75faf3cd5a2d9e50e213639c5ef0b9780432ea20cb202085dde0c69017c6407513435cc0db6d517b87c2b24b1e57f103d7c35b6fbace9e3bd5336bcad5b80d730d7003c51d580ebdedda69b405e9f63db3a023a8fce81bbb03395723ac4f8457711caac3dbc35bc4dd2d6eddc215654b104c9008598c94d3786e59e02e7ab8ab73cccdb9f880ad16ac97614862f6c4ba342adde281b9b32f0f609ea20d5af0f8db773d4b88ff0075d5bc0d10cb571d7920a566256fcafe246b87b27a8bafc4d176bcb1bfb5844fe5b87e295966e3737bebc51870f7d61b988d7adf96448f4f08e0fd9b8a7c54549e1bcaae1d9778e1ef8e11e837f9ab0be31572e48e0f7ed99139fce9a6d8cd33ff00ea58200174bc80f3a29f72b134f59f29fb39bfeabafdeb4fe2148ac9f96384dc090389d2aabbd49da0b3e90b5e50766b7ff6907de0cbef2b145dae59601bd5c658feb51e35f335737e8b0b3ea8b7b770cdeae26c99d22e27ce8c4c4a1d1d0f5303f1af93241a2f66e00dcb8aab0b24098d3b2859748567d5a0d44f295a2c375af8d64db236135c403798004acab15f572e06a77cd6e0281de14c66ecda75935d3f1b45ca77eb263f226a30fee071ae36ee4c465c247c699b975f773691cc673cf4ce9904eee4dc3a3e549becfba4483a78d7aee31ae0f3a2e49d2659791f896379946eaaee9621428932a24c013ad57b6d6cfb02f5eff87b67d2733bb1c4f1041e9a3f91a5fe90c34fddb70fb49cf416db63e7af67ed3d7246117ad2b4aa8ec94a51d34efb136d9546e8b6002720244651909319654cdf40242ef2e5a908f1d45909f7d213131079ba694d8c04e9c2b5f1e935c1979b553e486c4ecfde066edd3d62474c2ca8e1420d8eb302e475db8f06353af7f23973d79889191ac25f1b4dbc16be44fb21576199c9d0f5971fe5abef93809677d19d778924012644289d3a2aba7704c9ef079aa43938c05f4c88c9b87d93513f8918ab4cd74f5dc9d344262f0c56e3ef42fa4dab28e27a6a2f6bdeba857cdcee91aaaef01fcc268ae56bfef9fef3fe23556c791be7b2b93520a384742d46fa347d8218d9b6cd258a2933acc6735378d07e8777eeff009b3ac4cdd234623a89a97d838db85994dc72a57352ec41cc7098a852c516a44c06ce9f434228a7ed1cea0b2430a7d34cbdb5f115a527f11feea78bd67381c15c675608e46f29f51a35d662b454421cb702aa3b8b7ceae2303e5dd92db3f7409f4adf09f6ab03c4ac3dc1204371eb2057d4b81f5076f89ae8b6ac012aa647100d498b316e4ae137b04edf618fe3f955a2cdaded86ca7eaa78a55f3f66d9dd2a2d205208202a8041d4401d27be92db2ecf9a3677145b223707a2387369a0a2d059f30629219c733478d5ac6001c033c7b2867af73e75a8627c9aecf72c771d4b193bb71f5ed2629f6e4458fa3b61d5ae2a1004ca961111aac70a1508a872c96762e1ba1ed9fed7acdf63e1b7ef6e708f881f1addf6d72445fc126116e940a54872bbda023350473f3d55f65f92fb962f79c188465888dc287553ce470a0647f934c00b5b42eac0c8003b431aa3e336a626d5c70988bc837dc42dc703263946f655b36c6e4bddb38e7c4129b8ca064cd32011982b1c79ea83ca0f27b8e6bd71edda0cad72eb0f4d064cdbc3224450c0a038cbd9ef35ebaac2240d79ff002a69ad57b70ccfc69086f77d235a5793fc3036093ce7c5ab3a54ceb5df26b86270d20713f1ad34d5c8115df280bb9e6b299df3c3a3e754667f44e46b43f2a0855ec88e0fe2b59f3a12b114a5fb30635bb5d9001cbddd3440b74cba3f015000f6fd61d7564e4f435d93f5c6bd439ea0ad5870c0ee9d6ac1b0148b92647a60f640a71e57f44f866bbc8cc28387531ed3f8d41e34af9db8247aeff88d5ab9116cfd1524e7bcdc238d52769dd1e7ee8cbf88ff0088d777c6954999fc857147481bb973739aeee82343c38fe74079d11c34a74bf570e6aec533936964e4b802f12baee36b278ad476da55376e13aef34e945f24dc79d688f50fe25a8cdb0e3cf5dcf3df7e3d26b24ff237f46d28fe25fd183697283e15c6b307514d5e306398f3d37e733fceaf7232da3a5323db5cb93969afc0d35bf91d78f1a4bb9e07de3e552e4351472e0264d4b727ef937d3a9b4fba6a20b37ea2a4b93973f7e93ccdc3ec9a9949d3348456e441f294cdf79facde26abf89b6a4924c7755a36ca837ae4807d36d4749aabd9b6a6f99008dd39100f3572ea46dafb3552e7e812ed948620cc757c288d803d33f77e229edab6d554eea85cb808e34cf277f887eefc45734a3b65469077927104b0eb1570e5372a5702ca82c6fef2ef48608066441f4493a553d751d62a4fca55b9643f607e23f3a49b48ddf03373ca95d3ea58b63ef3b37b805abc72a31789c3da7b96ca1088ec4327d5048f6ba2b07bb91038e55f43f28137b018c319fd1ef11fd0f4d3be484db4ccbec7953da08201b04731b672ee715247cac62edb6e79ab0c005f65c1cd41d43c71e6acdd135ea14eed012f31eca1fec4f9d220d930be51710c9bff0047b6de886203b2c089d4833405af2ce3dac19fe5ba0fb8a0f1a57233001ed383c6d2f81158fa0959e81e029514d1b5daf2c9873eb61af8ea36dbc5854c3f94ac2aaef35bbe0449f410c75c3d7cf76f5ad3c6ce0f81c53466b6a47f4b1f8509589173b7e553669d6e5c5ebb373e0a68fc2f940d9f70c262278e76ee8f14af9bd8c1ab0725edcb38e843ef34091bb8e5b6cf9838bb4a7999b74f73014fdbe55e01b318cc376de41e2d58172f307e671ae832056db778fcaa01453e061cd6a922dd0a76931e03f5d95cfda4df5477d21062a56cde4d6dc6117ae6b10b5b433f4972e8addfc9cbce0908d0c1cfeea9ad34f9634557cac2fef6c8fb0de22a806de5575f2c38b2988b20099b6c7fb8567dfb51bea8effcaa65fb0839529c4b751c9b51a7d404f349a3aee31847a224e80499edfcaa1ba00ab76e8cc3234ca0de6e0a2333c06795435ada170c45b127ed767354b6cddaa88c0dd8460660076ead162a93c8d51b772347fc2afde6f1accb6adbbff48bc459720dcb84102722ed075ad4b9223fe153adbf111543c672930ab7ae2b5e5055dc10430cc330234e8adb4e5b5b14a2a58640adbbe06765f41ec37ca9d45bdfe0dde1ff004dbe5528795183ff00b84feef953ebcacc17fdc27f77cab6f2fd91e18fb1ee4a338bcdbc8ea3735652a24b2e40b402723954563fce35fbc0d9b91befbadb84861391078d4c61794d856062fa1cce9bdce63857872b305247d252470f4be546fcdd9a78e3b546c807c25d6de8b4f2a24028fe9708521609cf49e1402d8c4839e19e3a2dbe9fd35721cadc1683129dcdfe9ae3f2cb031ff30bd8ae7fcb4b7fd93e187b2ae985ba41fdc5d1d76dbe55e7c15dcbf757351ec375f35590f2e70032378f65bba7c129b3cbcc0401e7ce9fe15dff004557957b42f0c7d95d6c35c98f36ff00d0df2a90e4fdb717d0b238003665187b246a451ebcbac071bcdc7fe95dff00452ac72d304e616e92733fc3b9fe8e9a4f557b438e9453bb2b3b7ad5c6bae111c6f3901b758012752d190e9aade2f05743c8b6e7a77188f70ceb431cb3c113bbe78cc91fc3b9aff453188e596104a9b8d235f42e7fa6b3934f363504bb28788576569461190f45b3ef15ee4fda6170ca91e89cc82388e356dbdcaec29393b7f43ffa6984e525869dd663124fa0da768aca54ddd949240c96198c2827a84c54e72e6d876b60e60a7c72ce80d99cb9c35a762c1d8111e8a719e923a6a3f94dcb1b37991eda398104380bc49e04d45522f72222eecd42660c8e93d95b8e3167058a1cf62e7e06ac15f6f082421d3eb7e55bf44e13123ff0bfe06a170c9b558302fa201e15dc4608161afaa9ee45f9537fb5d4c92841e027c79a9dc46d500afa073443af3a8e8a44e0d7b9016e2df5d91f0ac5ede0b75626b6cf27afbd69580f5ac031fd39562cdb4d7ea191c27be9be06c4a6060ccce46b5ac0599c063073e1cfe07ac97f6b0fa87bff002ad8b631dec162606b86263f918d11e4118d3e0a4933af4558b92586877fbaa3b89a806da89c10c7581563e45e283bdc014885075e93f2a425c857955c24e3c30cbf736ffcd5505c2e51c79eaebe56714131a837666c5b3ac7171f0aa526d4fb1fddf9512e4402c81588303867d1ad24eec1cc5591ca6f4872c0880a78368627afc281c761250b2fa464c8cb7b239981a8e9ace3a898ac8a5b55bdf93c3bb81b423d953fdab58dfd177906e2924021a04f3904fbfbab5fe4b627cde0edb700a2444fb239b8f456fa5259b29149f2b2fbf89b60ccf9bcb298f48ccc76553ede0e52199723947c662ad9cb4c57d23121d4185402623213396a39eab8e879e4ce80cd6529294b04ddf001bca994cc663809ecd7b69c37430de025b23039fc4d14417305000329f952130171482b94eb9f8d4ee8ae79011b17d3c4203c5d72edce8ae55590b8860382af84d73669617918813be08ca739e8ccd2b955bcf8876d25532d33dc50729319835aae07d1f40f247fe56df5bfe2615f3bed7b3bf89c5105415bb7da0cc9f4d898afa2792bff002d6ff9ff001bd7cf1b6b0cde7f10e08fe2de3c7ebbd0c6c13f663fa3014cc0cb84e93cdcd43911911a6511532b72e00b241cd7d913d199a69f66bddb90b1bcdce470124eb1c0f1a0449f2470c1dae643209a0fbd55fc540b97047b6dee63576e4061b73cec919f9bff003555b19811e71cceaefcdf58d535fe5329f00d86c3efcb0d46a09fca93b530a6c91ea9ded3ba74e146616d84322674e141edb392f59f0152491ed883cc3ba8fd9b83f3ad0187ac049cb58cfb33eea8a4306a73666201409a6e9633cfbd072e8cbde69003dec2857659cd491d71c6a6392786debe447b0de29f3a1ae156d73e9e3531c8c4031278feedff001255256c172572f6ef9e61c43b0fee2299c68f489e93f0a5e36c117dcffe573afdb26918b5de2606a4fc2900ca959fcea6b939655ddc0ff0dbc45422e118e80f71f9558b92568a3dc2c0806db01208ce57a285c8d72577136f7481c753de63dd14b5b5e816ebf1ab0dec1a1cf7413970a0f13857884491cc054d838b20b7241ecf957d35865dec3df1cf688ef46af9ccecabc6776db9d6329ea135f426c8c7215b89bc378a693cca647be8df1586c693a67ce68b285b8cfca9fbf6e5edfdc4f023e1478d8b70201794a12447aa0e532380ce67b053d7b6492c9bccbb9b801024e637b20622730788a5b90b6b359f26422cdb1ff888ee61588e3adfef1c291ed78e9a6b57dd97ca4b9864f376d5080a54162673d74d2a10adb024d9b608fb6e7b75a1cd15b6cacdbc2b3a80bafa5f189ebc876d6d9c9ebeab85baacc01387dd00f3ee11154dd996f7d652da05112d9c0920032787e54bfde6eef7a2c20923986833e33f0359f9a9d605467e70e54436590ce3beacbe4fc817dc4ea93dcc00fc546176247eed39c1819734123ae9e4b8fa2aa2c65a465ac02238c1aadf40950e795c4271b6cc120e1ad80638ef5ccaa9b87c0349254d5bc5c93bd75f21c736d3d986272ae1daa84909bcc064485004f66549eab6f08146c8c169e3782e6633035ebeca7b0f6480049cb4201e3cd470b9c07eba29c456e02b9dcd118403f44dd1971cf2fcf513e352f7b18e965115c95225808f44c28039c713fed4c36f7143343dfc1978c8803b7aaa7cbcaf600d8872f25b3204406227a4e59e951b66c98274fd78d4da614ae59f74d3be678eefba9c757682a215b0ac38febe14a4b4419cd8c7bbaaa65141d465d54eaa09903a3f3a4f5115512b78fc302bcc46b19f4d02971d402bbc068788f955d45a53944f5feba2923096f5651272f7ff00b55c7e4a8ac89e0d2364ed8b5630d6f7dc2e6c38939bb701d62b2de526c647bf79ec5d4f34ec58027d2961bcfeb107d72dd59548178e2c63b6bd6ae0320cb3701969c672356be44a4f0b035727c103fb11c00cd706e82338007467342e3ed6e286df57cf31bea0f444eb568c461c3008d267389d238d318ae4e2ba90353c49397bab75a88d3c4df035b16e2d85de67553702b05255cc09830a4c4cce79d47be0ecb3331b8c6493906e2679a8bd9bc97f364efeeb823289cb59e1970a93b5b26d0f67bf3f8d0f53a2d6849ac902b82c3fd773d87e3148bdb3b0ed1eb93d9f3ab4fd011464a0f445296d0fab1d83e550f50b5a0537f6558fa8e7fa7e744d8c05a5d2cb9eff0080356a61cc0f7453897d8703df53e57e87e05ecae261178618f693fe9a2ac619d734c3470993539f4a7ff7ce96b8c7e3e1f21479594b423ec81fa1dc39fd1d467c57ff00d522ee12e2825911073981eede9a9db9b4489f4b9f407c6aa4a9bf259b78e9273e6e7a37b14b4e285fd2070607a87ce6bad75c195cc1e3e82c74662bc96626567b32ebcbabdf41636d182ca174531e967239c9a3749f0cc5c1a0a0ee47019c092bf2d35fd1af580e6779542c4cea729196a06935101d954332344fd63df069498b0034071300c41eea55222da26b11737494552572893c723974e67a28db7b4340c8483a64ad13320b13a10070f678556462c933e99c8082077f5f4d3a98824648e46b04803281cdd150f45c96437121892a4b6e805672ca32d63a29a0638659466047567c7e148b0f9025181e691f2a3acbdb51e9a3911a8603bc1533d95a28be0ab44563ef6437080dc635ed9a0f0f8e1ed899fd69563c3b58764528412409de3c4ea054e6d3e4eda4c31bcac7d70bba60ebc6604f5556dea8137d32a6318c00dcd0c820409072822728f8576c631c00a50919685464321c4cf3f6d3d7304c2775c74643e54328611370f503f2a8718b13411e719b5531cd1f214af3aff68765455f39cabb1eb24d36d6c9cc0279c1fce9ed427449ddb81b27008e6240e8a6f0f8bb766427a33a80d33d27a6834c39e03be92367ce669a8a42cf4592edc2be90563d00026b8b8c9d415e6263e74ca629240f688d3a8c1d29e796c8475e55c4f4d3e4cb6a6c26ce2c7d60dc4449ea93487c70047a0cd3f544d35b8cba9811fa9e8ce9c4b8ba4e67865fec2a1e94506d4869b693827f76e070319d389b449d54f090723facebc98804913baa39e06bacf8522ee3d17d63020c69dc4f3f452f1c1e2836a0bb78952048827a29d239849e6907dfefa857c65b1003098198cff2c8659d2ac6d11a6f8d7ea16075d32f78347865d20a6892b87a3f5cf3426f41f449cf86bc79b9b2a7c3d9dd0ccf23500133dcba77d34877c828375663a4fcaba61a14b26f18a09b36f28592dce4e59feb4a52a14de8967688813db0340288b2a490891bc7b00e324f0a99c1ec6541bce7798ea677a7e5d55aa46cbe88dd9f84dd5de7cd8e7397ba68a7b8470c8748f854ab5c45f455247391f1228561d5dc453b3484681431e6cbac1a4913c3f5d3145171ce239a3e629480718eacfe141a00aa73a9ebcfc2296b6cf0551d9462dc5f688ee1f9d21af24e441eaff6a5416302d36840ebaf2d824683e7eea7be90bc6278521b1abcc09e9ce95586e4bb19643c167dfa0e35df344ea02e9c7a29c5c7289cbc0520ed31a40eaa6a22738a3bf465391fcba62699bbb191f5cbaa2bad8f2782d2531a7411d94f689ca2c0df60b09dc76ea30dd53cd5158ed8f7c2eeee6f6998cbab23563fa63fe89a49c439cc853d7428994aba29f7acb04dc28c1870209e88e9a2d2deeafa9032311efab30dff00b03bb4eca66f5b2dc514c40217e51df55b4cdb2a58ebee7d452738c854379dc44fa3be3b0c56847002002d908d739e8246a3aebd6b67a924ef6ee9c489e82788cead60871b28eef8a703d1611cc02d3aa97c8f4bdf273e1df5726c2859f48760a659278ce5cd45b16d2ad84c13cab9732a41ddcb81196556ac6ed76bb8738736cacbab6f079883319f3c522d22afb200e6103e14a68d648f7fc450ec692443bece2da972239e29db7b254711eea31ef4709ecae7d20715cfb696d1e0606ce4e79a717028384f6579b15d047eba692d8b0784d3da16870e1d07b02ba2d0e61d943bddc8e4418efd321fae35e6776f54691a67911333342434c0ad6058349dc04e7e93aafbb7b2ce696e7eb3ae5cc7e551c6e019d748761e82181a99513efacb6af41fe570685c8ac1d9bb658bdb4b8c1a016de3a01944c11d9c6a2fca0ad9b2d65bcd2a1657108bb8085ddf5b38f688e9a91f27f702e19fefe750dcbfba979ecc9601039c809325471eaf7d7438c230e0c9e3254db6c20102d9cbeb3123aa0014da6d861eadbb7fd229c6d8e49946f45a2010273d3a2bcfb220c1688d46bde440eea88ece82db187dab78e61d57b33ef19fbe860f71dc2872c5b2279a7582470a9bfd92b00155319c891dfcf52186c22ae8a0cea1802279c71f0d38d16ba0a7d8cdac3a25a559de650249d678f5f6d1761cbe9e88fac60708c870a55b6006e8d350208f031a1ae8046bfaf1a5c9a20bc3625adc85ddccea44fbe68b7db578fb6ba6bbaa7c6a312cc67909249ebf9f4d39e6b9fe74522ad851da2ec7d279ea55fd0a22ce2071627ac9a05107353ca0735269149b0c5c52731239c9267ba9d4c588816c1edf81a096959521d85fd227fe9acf4b08f1a6dd49ff000d7bcf853682bc0eb48624e163539f301f3af0c309d4f7d3915dde3c49a006be8abd3df4a18751ecfc6962bd340ce6e0e00775762bb9f3d249a00f18aec5708a44534c961696163d6f70a7570a3286cfa2800c79ebde79b81aa44b245ec96cce7ce0e54c5cc20e0147496f870a4dab8cdc73aeef67991eff009534c93c30434de5fd73489349b9b3da6095ef027c29fb64c188fd7fb53c6c9224b4c7eb539fba80226f6158711fda7de24d0ad622a5e069239b314d912216081cc23c45014467d05ce801fe61e1395357302ff572ed152874cfb3fde95be60640e9ac67cde1c68b0a211f0846a867f5d349548f64835378a22330475c1ee8d280c4222a9666d3a09e89f7d160d223e224f74cc70e68834dd967032dce91323ac6544ddb68da3375fe4699f38464a67a6070e8cb9e9a12e4ffd9, '12'),
('admin', '9370459867', 20, '0010', '45', 'male', '123@gmail.com', 'qwertyuiopedfvbnpojhgaed4b959a05cfa7040033fd76ec798a619d6e4adghjklcvbnm', 'atish1', 0x30, '0'),
('admin', '9370459867', 21, '0010', '45', 'male', '123@gmail.com', 'qwertyuiopedfvbnpojhgaed4b959a05cfa7040033fd76ec798a619d6e4adghjklcvbnm', 'a', 0x30, '0');

-- --------------------------------------------------------

--
-- Table structure for table `training_programs`
--

CREATE TABLE `training_programs` (
  `id` int(255) NOT NULL,
  `training_program` varchar(255) NOT NULL,
  `training_name` varchar(255) NOT NULL,
  `organization` varchar(255) NOT NULL,
  `location` varchar(255) NOT NULL,
  `start_date` varchar(255) NOT NULL,
  `end_date` varchar(255) NOT NULL,
  `currently_working` varchar(255) NOT NULL,
  `description` varchar(255) NOT NULL,
  `sid` varchar(255) NOT NULL
) ENGINE=InnoDB DEFAULT CHARSET=utf8mb4 COLLATE=utf8mb4_general_ci;

--
-- Dumping data for table `training_programs`
--

INSERT INTO `training_programs` (`id`, `training_program`, `training_name`, `organization`, `location`, `start_date`, `end_date`, `currently_working`, `description`, `sid`) VALUES
(2, 'hg', 'gh', 'g', 'f', '2024-03-05', '2024-03-01', '0', 'gfh', '14');

--
-- Indexes for dumped tables
--

--
-- Indexes for table `certificaterequest`
--
ALTER TABLE `certificaterequest`
  ADD PRIMARY KEY (`id`);

--
-- Indexes for table `education`
--
ALTER TABLE `education`
  ADD PRIMARY KEY (`id`);

--
-- Indexes for table `employee`
--
ALTER TABLE `employee`
  ADD PRIMARY KEY (`eid`);

--
-- Indexes for table `internships`
--
ALTER TABLE `internships`
  ADD PRIMARY KEY (`id`);

--
-- Indexes for table `job`
--
ALTER TABLE `job`
  ADD PRIMARY KEY (`id`);

--
-- Indexes for table `jobapplied`
--
ALTER TABLE `jobapplied`
  ADD PRIMARY KEY (`id`);

--
-- Indexes for table `lectures`
--
ALTER TABLE `lectures`
  ADD PRIMARY KEY (`id`);

--
-- Indexes for table `projects`
--
ALTER TABLE `projects`
  ADD PRIMARY KEY (`id`);

--
-- Indexes for table `student`
--
ALTER TABLE `student`
  ADD UNIQUE KEY `sid` (`sid`);

--
-- Indexes for table `training_programs`
--
ALTER TABLE `training_programs`
  ADD PRIMARY KEY (`id`);

--
-- AUTO_INCREMENT for dumped tables
--

--
-- AUTO_INCREMENT for table `certificaterequest`
--
ALTER TABLE `certificaterequest`
  MODIFY `id` int(225) NOT NULL AUTO_INCREMENT, AUTO_INCREMENT=6;

--
-- AUTO_INCREMENT for table `education`
--
ALTER TABLE `education`
  MODIFY `id` int(255) NOT NULL AUTO_INCREMENT, AUTO_INCREMENT=29;

--
-- AUTO_INCREMENT for table `internships`
--
ALTER TABLE `internships`
  MODIFY `id` int(11) NOT NULL AUTO_INCREMENT, AUTO_INCREMENT=8;

--
-- AUTO_INCREMENT for table `job`
--
ALTER TABLE `job`
  MODIFY `id` int(255) NOT NULL AUTO_INCREMENT, AUTO_INCREMENT=9;

--
-- AUTO_INCREMENT for table `jobapplied`
--
ALTER TABLE `jobapplied`
  MODIFY `id` int(255) NOT NULL AUTO_INCREMENT, AUTO_INCREMENT=40;

--
-- AUTO_INCREMENT for table `lectures`
--
ALTER TABLE `lectures`
  MODIFY `id` int(225) NOT NULL AUTO_INCREMENT, AUTO_INCREMENT=4;

--
-- AUTO_INCREMENT for table `projects`
--
ALTER TABLE `projects`
  MODIFY `id` int(255) NOT NULL AUTO_INCREMENT, AUTO_INCREMENT=6;

--
-- AUTO_INCREMENT for table `student`
--
ALTER TABLE `student`
  MODIFY `sid` int(20) NOT NULL AUTO_INCREMENT, AUTO_INCREMENT=22;

--
-- AUTO_INCREMENT for table `training_programs`
--
ALTER TABLE `training_programs`
  MODIFY `id` int(255) NOT NULL AUTO_INCREMENT, AUTO_INCREMENT=3;
COMMIT;

/*!40101 SET CHARACTER_SET_CLIENT=@OLD_CHARACTER_SET_CLIENT */;
/*!40101 SET CHARACTER_SET_RESULTS=@OLD_CHARACTER_SET_RESULTS */;
/*!40101 SET COLLATION_CONNECTION=@OLD_COLLATION_CONNECTION */;
